Date,Open,High,Low,Close,Adj Close,Volume
9/22/15,28.514999,28.674999,28.110001,28.52,27.732851,12499600
9/23/15,28.559999,28.735001,28.219999,28.395,27.611301,7960800
9/24/15,27.99,28.375,27.530001,28.235001,27.455717,15108800
9/25/15,28.715,28.825001,27.889999,28.195,27.416822,20042400
9/28/15,27.879999,27.91,26.68,26.77,26.031149,18931000
9/29/15,26.85,27.27,26.475,26.805,26.065184,16582200
9/30/15,27.450001,27.855,27.18,27.799999,27.032722,15939800
10/1/15,27.945,28.049999,27.285,27.959999,27.188305,13350400
10/2/15,27.26,28.790001,27.084999,28.790001,27.995401,18698000
10/5/15,29.205,29.885,29.18,29.805,28.98238,9366200
10/6/15,29.780001,29.955,29.365,29.6,28.783043,8830400
10/7/15,29.924999,30.209999,29.51,30.084999,29.254652,9926200
10/8/15,29.945,30.73,29.844999,30.629999,29.784618,11398400
10/9/15,30.690001,30.834999,30.440001,30.66,29.813784,5937800
10/12/15,30.705,30.795,30.540001,30.715,29.867268,3359600
10/13/15,30.459999,30.915001,30.275,30.34,29.502617,5494400
10/14/15,30.334999,30.525,29.934999,30.02,29.191454,7003600
10/15/15,30.290001,30.959999,30.15,30.959999,30.105503,7221200
10/16/15,31.094999,31.24,30.83,31.209999,30.348606,6615800
10/19/15,31.014999,31.27,30.895,31.245001,30.382643,4934200
10/20/15,31.110001,31.415001,31.02,31.174999,30.314569,4426000
10/21/15,31.35,31.389999,30.74,30.815001,29.96451,8044600
10/22/15,31.16,31.91,31.1,31.815001,30.936911,10065600
10/23/15,32.455002,32.68,32.169998,32.549999,31.651627,9708000
10/26/15,32.474998,32.5,32.25,32.389999,31.49604,4786000
10/27/15,32.154999,32.384998,32.005001,32.244999,31.355034,5021000
10/28/15,32.380001,32.990002,32.130001,32.98,32.069752,8133800
10/29/15,32.805,33.084999,32.755001,32.955002,32.045444,5128400
10/30/15,33.029999,33.134998,32.595001,32.650002,31.748865,5522600
11/2/15,32.77,33.509998,32.740002,33.41,32.487885,5271800
11/3/15,33.314999,33.84,33.224998,33.610001,32.682369,4477400
11/4/15,33.744999,33.775002,33.23,33.419998,32.497601,5657200
11/5/15,33.455002,33.625,33.02,33.345001,32.424686,5347400
11/6/15,33.220001,33.415001,32.82,33.32,32.400364,6562800
11/9/15,33.09,33.134998,32.334999,32.700001,31.797487,7653800
11/10/15,32.525002,32.855,32.415001,32.810001,31.904451,4598600
11/11/15,32.950001,32.959999,32.564999,32.580002,31.680796,5052000
11/12/15,32.200001,32.369999,31.67,31.674999,30.800776,8707000
11/13/15,31.514999,31.615,30.924999,30.955,30.100645,10902400
11/16/15,30.889999,31.91,30.844999,31.889999,31.00983,8395200
11/17/15,32.02,32.334999,31.67,31.82,30.941771,11218800
11/18/15,32.025002,32.91,32.009998,32.860001,31.95307,8249000
11/19/15,32.805,32.959999,32.700001,32.799999,31.894716,4170200
11/20/15,33.09,33.294998,32.900002,33.040001,32.128101,4785400
11/23/15,33.049999,33.255001,32.790001,32.970001,32.060036,4296400
11/24/15,32.595001,33.205002,32.445,33.044998,32.132961,6339000
11/25/15,33.110001,33.174999,32.950001,33.049999,32.137817,3072800
11/27/15,33.075001,33.18,32.895,33.105,32.191299,1968400
11/30/15,33.165001,33.220001,32.799999,32.845001,31.938475,6971400
12/1/15,33.07,33.514999,32.970001,33.465,32.541374,6708400
12/2/15,33.445,33.560001,32.685001,32.775002,31.870415,6350400
12/3/15,32.880001,32.970001,31.584999,31.84,30.961222,9509600
12/4/15,32.009998,33.209999,31.955,33.084999,32.171852,9570400
12/7/15,32.974998,32.974998,32.330002,32.68,31.778032,5692600
12/8/15,32.09,32.595001,31.885,32.25,31.359905,7058400
12/9/15,32.014999,32.790001,31.385,31.74,30.863976,11702800
12/10/15,31.785,32.389999,31.68,31.905001,31.024424,7222800
12/11/15,31.135,31.365,30.549999,30.635,29.789478,13740200
12/14/15,30.735001,31,30.08,30.98,30.124954,14582800
12/15/15,31.525,31.955,31.475,31.639999,30.766741,8540200
12/16/15,32.029999,32.665001,31.555,32.540001,31.641893,10868000
12/17/15,32.669998,32.689999,31.555,31.59,30.718119,8110000
12/18/15,31.290001,31.325001,30.395,30.395,29.556099,11391800
12/21/15,30.870001,30.99,30.455,30.91,30.056883,8573000
12/22/15,31.15,31.495001,30.790001,31.375,30.605095,7618000
12/23/15,31.76,32.174999,31.719999,32.139999,31.35132,6604400
12/24/15,32.044998,32.255001,31.975,32.009998,31.224508,2061000
12/28/15,31.780001,31.915001,31.514999,31.91,31.126965,4323000
12/29/15,32.314999,32.695,32.294998,32.57,31.770771,5090400
12/30/15,32.470001,32.514999,32.064999,32.134998,31.346445,3335000
12/31/15,31.865,32.099998,31.48,31.5,30.72703,9414000
1/4/16,30.405001,30.594999,29.844999,30.594999,29.844234,14734000
1/5/16,30.725,31,30.295,30.73,29.97592,9926000
1/6/16,29.780001,30.295,29.555,29.905001,29.171167,11775600
1/7/16,28.84,29.495001,28.35,28.48,27.781132,18188000
1/8/16,28.870001,29,27.754999,27.870001,27.186104,15922200
1/11/16,28.184999,28.285,27.245001,27.885,27.200731,16964400
1/12/16,28.434999,28.615,27.629999,28.32,27.625059,14704000
1/13/16,28.615,28.705,26.809999,26.93,26.269169,19012600
1/14/16,27.17,28.209999,26.610001,27.809999,27.127575,16444600
1/15/16,26.299999,26.905001,25.969999,26.605,25.952143,23517200
1/19/16,27.200001,27.275,26.17,26.67,26.015549,18945600
1/20/16,25.815001,26.535,24.695,26.040001,25.401011,30744000
1/21/16,26.155001,26.905001,25.735001,26.309999,25.664379,20672400
1/22/16,27.17,27.440001,26.91,27.375,26.703253,13292800
1/25/16,27.200001,27.27,26.48,26.57,25.917999,12512600
1/26/16,26.735001,27.360001,26.655001,27.254999,26.586193,9984200
1/27/16,27.075001,27.655001,26.370001,26.68,26.025307,14680000
1/28/16,27.190001,27.25,26.389999,26.965,26.303308,13139400
1/29/16,27.200001,28.275,27.174999,28.235001,27.542149,12620600
2/1/16,27.905001,28.514999,27.719999,28.26,27.566532,8938600
2/2/16,27.725,27.74,27.040001,27.200001,26.532545,15213200
2/3/16,27.57,27.684999,26.344999,27.540001,26.864201,18388200
2/4/16,27.389999,27.955,27.17,27.620001,26.942242,10317200
2/5/16,27.465,27.465,26.365,26.594999,25.942389,16023200
2/8/16,25.969999,26.055,25.120001,25.855,25.220551,16593000
2/9/16,25.27,26.27,25.24,25.83,25.196165,15157000
2/10/16,26.120001,26.655001,25.77,25.799999,25.166899,12356200
2/11/16,24.995001,25.48,24.655001,25.17,24.552361,19572200
2/12/16,25.700001,26.184999,25.445,26.17,25.527821,11189000
2/16/16,26.82,27.059999,26.465,27.035,26.371593,11160600
2/17/16,27.450001,28.065001,27.415001,27.93,27.244629,11181800
2/18/16,28.02,28.055,27.6,27.705,27.02515,6320600
2/19/16,27.43,27.735001,27.24,27.674999,26.995882,8304600
2/22/16,28.209999,28.535,28.200001,28.469999,27.771383,7205800
2/23/16,28.23,28.344999,27.73,27.795,27.11294,6687400
2/24/16,27.280001,28.105,26.895,28.030001,27.342178,14649200
2/25/16,28.18,28.700001,27.91,28.700001,27.995733,10875400
2/26/16,29.014999,29.025,28.51,28.565001,27.864048,12534400
2/29/16,28.57,28.889999,28.059999,28.059999,27.371439,9194200
3/1/16,28.545,29.455,28.375,29.445,28.722454,10241800
3/2/16,29.334999,29.715,29.184999,29.709999,28.980951,10764200
3/3/16,29.639999,29.934999,29.434999,29.915001,29.180922,6798800
3/4/16,30,30.395,29.715,30.094999,29.356501,9297600
3/7/16,29.785,30.315001,29.780001,30.184999,29.444294,6431800
3/8/16,29.790001,29.969999,29.450001,29.495001,28.771225,8463800
3/9/16,29.790001,29.924999,29.52,29.795,29.063864,7446400
3/10/16,30.030001,30.299999,29.205,29.825001,29.093132,12304200
3/11/16,30.35,30.825001,30.33,30.815001,30.058838,7248400
3/14/16,30.625,30.9,30.51,30.709999,29.956415,4595000
3/15/16,30.35,30.645,30.290001,30.645,29.893011,5084600
3/16/16,30.445,31.125,30.445,30.995001,30.234421,7612000
3/17/16,30.965,31.555,30.82,31.370001,30.60022,6669000
3/18/16,31.545,31.745001,31.450001,31.625,30.848957,6267600
3/21/16,31.52,31.790001,31.445,31.705,30.926996,4562400
3/22/16,31.42,31.885,31.370001,31.665001,30.88798,5250400
3/23/16,31.459999,31.525,31.120001,31.200001,30.434389,6080600
3/24/16,30.805,31.17,30.735001,31.16,30.395372,5174800
3/28/16,31.315001,31.379999,31.030001,31.184999,30.419754,5125600
3/29/16,31.049999,31.799999,30.934999,31.799999,31.019667,6768000
3/30/16,32.134998,32.305,31.91,32.055,31.26841,6646000
3/31/16,32.009998,32.16,31.83,31.91,31.126965,4828800
4/1/16,31.525,32.380001,31.41,32.32,31.526901,5722600
4/4/16,32.299999,32.365002,31.995001,32.115002,31.326939,6206000
4/5/16,31.605,31.795,31.370001,31.48,30.707518,7053800
4/6/16,31.495001,32.169998,31.4,32.139999,31.35132,7434600
4/7/16,31.75,31.875,31.115,31.370001,30.60022,8509200
4/8/16,31.809999,31.959999,31.355,31.565001,30.790432,7526000
4/11/16,31.790001,32.02,31.365,31.395,30.624607,7845800
4/12/16,31.455,32.080002,31.299999,32,31.214758,8049800
4/13/16,32.299999,32.650002,32.264999,32.619999,31.819553,8343200
4/14/16,32.650002,32.805,32.5,32.625,31.824413,5432800
4/15/16,32.605,32.665001,32.439999,32.535,31.736626,5601400
4/18/16,32.314999,33.014999,32.310001,33,32.19022,5038000
4/19/16,33.165001,33.310001,32.915001,33.195,32.380428,6888800
4/20/16,33.244999,33.535,33.055,33.27,32.45359,6086800
4/21/16,33.259998,33.32,32.82,32.904999,32.097542,8021400
4/22/16,32.794998,33.014999,32.584999,32.935001,32.126816,5293200
4/25/16,32.685001,32.794998,32.465,32.785,31.98049,4765600
4/26/16,32.93,33.080002,32.724998,32.904999,32.097542,4155600
4/27/16,32.77,33.18,32.625,33.044998,32.234116,6609600
4/28/16,32.759998,33.16,32.279999,32.459999,31.663465,8566600
4/29/16,32.209999,32.330002,31.674999,32.099998,31.312302,11729400
5/2/16,32.264999,32.654999,32.115002,32.580002,31.780527,6738600
5/3/16,32.115002,32.215,31.75,32.014999,31.229387,9978800
5/4/16,31.655001,31.924999,31.475,31.639999,30.863594,9608000
5/5/16,31.834999,31.959999,31.49,31.665001,30.88798,5008000
5/6/16,31.370001,31.895,31.309999,31.870001,31.087948,4987600
5/9/16,31.815001,32.080002,31.764999,31.945,31.161106,3338600
5/10/16,32.189999,32.720001,32.154999,32.705002,31.902458,3152000
5/11/16,32.540001,32.68,32.110001,32.110001,31.322062,4257600
5/12/16,32.349998,32.400002,31.75,32.130001,31.341568,5439000
5/13/16,32,32.209999,31.445,31.565001,30.790432,5228600
5/16/16,31.629999,32.355,31.6,32.174999,31.385462,3653400
5/17/16,32.07,32.174999,31.389999,31.6,30.824572,5016400
5/18/16,31.445,32.02,31.200001,31.610001,30.834324,7549600
5/19/16,31.32,31.475,30.93,31.389999,30.619728,6798400
5/20/16,31.6,31.959999,31.58,31.75,30.970894,4498000
5/23/16,31.775,31.875,31.610001,31.67,30.892855,1903800
5/24/16,31.99,32.615002,31.975,32.485001,31.687851,3047800
5/25/16,32.744999,33.09,32.740002,32.91,32.102428,6110600
5/26/16,33.005001,33.075001,32.84,32.945,32.136562,2180800
5/27/16,33.02,33.23,33.005001,33.215,32.399948,3826800
5/31/16,33.334999,33.384998,32.900002,33.119999,32.307274,4501800
6/1/16,32.875,33.310001,32.810001,33.255001,32.438965,2698200
6/2/16,33.099998,33.450001,32.919998,33.450001,32.629185,4008400
6/3/16,33.240002,33.375,32.790001,33.240002,32.424332,6023600
6/6/16,33.389999,33.709999,33.32,33.595001,32.770622,3826600
6/7/16,33.639999,33.895,33.625,33.68,32.853531,2482000
6/8/16,33.740002,33.950001,33.700001,33.895,33.063255,2639000
6/9/16,33.625,33.855,33.525002,33.805,32.975464,4013400
6/10/16,33.299999,33.415001,32.959999,33.18,32.365814,7266200
6/13/16,32.950001,33.259998,32.619999,32.66,31.858562,4605000
6/14/16,32.509998,32.735001,32.16,32.535,31.736626,8294200
6/15/16,32.665001,32.889999,32.355,32.43,31.634209,5823000
6/16/16,32.099998,32.68,31.745001,32.634998,31.834171,8046600
6/17/16,32.59,32.595001,32.139999,32.375,31.580549,6327600
6/20/16,33.099998,33.34,32.759998,32.785,31.98049,9110200
6/21/16,32.935001,33.125,32.775002,32.974998,32.165833,7546200
6/22/16,33.005001,33.264999,32.77,32.82,32.056927,4253600
6/23/16,33.34,33.68,33.189999,33.66,32.877392,4955800
6/24/16,31.360001,32.43,31.105,31.215,30.489243,22106400
6/27/16,30.764999,30.764999,29.85,30.115,29.414816,18825800
6/28/16,30.709999,31.215,30.59,31.195,30.469707,11265800
6/29/16,31.709999,32.355,31.690001,32.285,31.534365,10097000
6/30/16,32.450001,33.174999,32.244999,33.130001,32.359718,7949400
7/1/16,33.119999,33.474998,33.110001,33.285,32.51112,5714400
7/5/16,33,33.02,32.595001,32.814999,32.05204,7726000
7/6/16,32.625,33.25,32.389999,33.205002,32.432983,8710600
7/7/16,33.279999,33.514999,32.889999,33.150002,32.379246,9615600
7/8/16,33.639999,34.235001,33.560001,34.145,33.351109,8026200
7/11/16,34.34,34.599998,34.25,34.400002,33.600189,6102000
7/12/16,34.75,35,34.665001,34.889999,34.078796,4808600
7/13/16,35.044998,35.049999,34.689999,34.869999,34.059261,4525600
7/14/16,35.360001,35.445,35.115002,35.255001,34.435314,9133200
7/15/16,35.48,35.485001,35,35.18,34.362057,5586600
7/18/16,35.220001,35.424999,35.119999,35.365002,34.542747,3463600
7/19/16,35.200001,35.294998,35.110001,35.279999,34.459728,3251400
7/20/16,35.465,35.665001,35.299999,35.584999,34.757633,3744600
7/21/16,35.535,35.615002,35.139999,35.294998,34.474373,3525800
7/22/16,35.349998,35.645,35.255001,35.639999,34.811359,3875400
7/25/16,35.540001,35.564999,35.209999,35.450001,34.625778,3077400
7/26/16,35.400002,35.595001,35.139999,35.455002,34.630661,4190800
7/27/16,35.615002,35.630001,35.09,35.380001,34.557407,5310400
7/28/16,35.310001,35.575001,35.134998,35.455002,34.630661,2670000
7/29/16,35.365002,35.709999,35.259998,35.580002,34.752754,3532600
8/1/16,35.595001,35.740002,35.34,35.509998,34.684383,2945800
8/2/16,35.415001,35.474998,34.735001,35.07,34.254608,4637800
8/3/16,35.014999,35.279999,34.919998,35.279999,34.459728,2857200
8/4/16,35.294998,35.450001,35.150002,35.325001,34.503681,1978400
8/5/16,35.605,35.919998,35.555,35.889999,35.055546,2722400
8/8/16,35.990002,36.02,35.764999,35.875,35.040897,1788400
8/9/16,35.895,36.095001,35.779999,35.895,35.060432,2341600
8/10/16,35.955002,35.974998,35.59,35.740002,34.909035,5372200
8/11/16,35.924999,36.150002,35.830002,36.049999,35.211823,2469400
8/12/16,35.924999,36.075001,35.84,35.990002,35.153225,3160800
8/15/16,36.130001,36.330002,36.125,36.195,35.353462,1958400
8/16/16,36.025002,36.060001,35.825001,35.834999,35.00182,3927600
8/17/16,35.834999,36.005001,35.509998,35.945,35.109268,4581000
8/18/16,35.939999,36.125,35.904999,36.115002,35.275318,2373800
8/19/16,35.924999,36.080002,35.75,36.02,35.182522,2784800
8/22/16,35.91,36.09,35.77,36.005001,35.16787,3302400
8/23/16,36.23,36.355,36.125,36.125,35.28508,2626600
8/24/16,36.084999,36.119999,35.615002,35.794998,34.962749,4937000
8/25/16,35.625,35.880001,35.564999,35.73,34.899258,3412000
8/26/16,35.794998,36.185001,35.25,35.584999,34.757633,9431600
8/29/16,35.639999,36.029999,35.615002,35.924999,35.089741,2209600
8/30/16,35.900002,36,35.599998,35.799999,34.967636,2078200
8/31/16,35.695,35.724998,35.305,35.615002,34.786938,5034800
9/1/16,35.610001,35.720001,35.169998,35.605,34.77718,10278800
9/2/16,35.924999,36.095001,35.709999,35.919998,35.084843,4983000
9/6/16,36.044998,36.16,35.759998,36.145,35.304615,2829600
9/7/16,36.064999,36.205002,35.904999,36.150002,35.309502,3305000
9/8/16,36.005001,36.105,35.849998,35.98,35.143456,3809800
9/9/16,35.470001,35.470001,34.23,34.23,33.434143,14585800
9/12/16,33.955002,35.369999,33.919998,35.224998,34.406002,10621800
9/13/16,34.724998,34.825001,33.974998,34.209999,33.414604,19188800
9/14/16,34.23,34.669998,33.965,34.154999,33.360886,8768400
9/15/16,34.110001,34.994999,34.049999,34.869999,34.059261,8197000
9/16/16,34.595001,34.689999,34.325001,34.584999,33.780895,6229000
9/19/16,34.834999,35.07,34.474998,34.595001,33.790653,6042600
9/20/16,34.91,34.970001,34.584999,34.605,33.800419,5586800
9/21/16,34.82,35.41,34.57,35.32,34.529236,6990200
9/22/16,35.720001,35.895,35.634998,35.785,34.983826,5760400
9/23/16,35.630001,35.674999,35.360001,35.384998,34.59277,5146000
9/26/16,35.084999,35.145,34.744999,34.82,34.040428,4595000
9/27/16,34.759998,35.279999,34.615002,35.244999,34.45591,4594400
9/28/16,35.334999,35.650002,34.965,35.595001,34.798077,3927000
9/29/16,35.514999,35.66,34.744999,34.959999,34.177288,8954600
9/30/16,35.244999,35.735001,35.174999,35.485001,34.690529,5139800
10/3/16,35.305,35.375,35.060001,35.279999,34.490124,4003800
10/4/16,35.345001,35.424999,34.709999,34.970001,34.187065,7054000
10/5/16,35.174999,35.400002,35.150002,35.25,34.460804,2716600
10/6/16,35.134998,35.369999,34.950001,35.310001,34.519455,4370000
10/7/16,35.384998,35.450001,34.764999,35.049999,34.265278,10783000
10/10/16,35.400002,35.580002,35.349998,35.400002,34.607449,2709200
10/11/16,35.235001,35.264999,34.235001,34.540001,33.766693,11874000
10/12/16,34.564999,34.794998,34.375,34.615002,33.840019,4717200
10/13/16,34.105,34.560001,33.790001,34.375,33.605389,8407400
10/14/16,34.740002,34.915001,34.384998,34.41,33.63961,6822800
10/17/16,34.384998,34.485001,34.095001,34.185001,33.419643,4570600
10/18/16,34.735001,34.775002,34.445,34.57,33.796024,4286800
10/19/16,34.674999,34.884998,34.549999,34.740002,33.962219,3426200
10/20/16,34.630001,34.849998,34.389999,34.639999,33.864452,5526000
10/21/16,34.345001,34.700001,34.275002,34.650002,33.874233,3716800
10/24/16,34.985001,35.095001,34.825001,34.935001,34.152851,2557800
10/25/16,34.895,34.985001,34.665001,34.724998,33.947548,4436600
10/26/16,34.41,34.805,34.325001,34.575001,33.800911,4166600
10/27/16,34.860001,34.860001,34.369999,34.404999,33.634708,6066200
10/28/16,34.389999,34.639999,33.93,34.189999,33.424526,10253400
10/31/16,34.32,34.395,34.130001,34.18,33.414757,4598400
11/1/16,34.314999,34.325001,33.244999,33.709999,32.95528,10801200
11/2/16,33.575001,33.720001,33.130001,33.285,32.539795,7581400
11/3/16,33.355,33.439999,32.880001,32.98,32.241615,5228000
11/4/16,33.009998,33.330002,32.860001,32.889999,32.153637,5646800
11/7/16,33.810001,34.365002,33.77,34.32,33.551617,8546200
11/8/16,34.200001,34.869999,34.099998,34.630001,33.854668,7247400
11/9/16,34.630001,35.619999,34.005001,35.404999,34.612331,16638800
11/10/16,35.700001,36.025002,35.009998,35.560001,34.763855,15882600
11/11/16,35.290001,35.490002,35.044998,35.400002,34.607449,9793200
11/14/16,35.605,35.674999,35.169998,35.459999,34.666096,7237400
11/15/16,35.605,36,35.529999,36,35.194008,4803800
11/16/16,35.77,35.955002,35.724998,35.875,35.071812,3000600
11/17/16,35.924999,36.255001,35.895,36.244999,35.433525,5379400
11/18/16,36.27,36.325001,36,36.084999,35.277107,3219000
11/21/16,36.290001,36.619999,36.235001,36.595001,35.775684,4472400
11/22/16,36.75,36.825001,36.470001,36.755001,35.932106,3813800
11/23/16,36.555,36.814999,36.474998,36.794998,35.971203,5181600
11/25/16,36.935001,37.07,36.895,37.064999,36.235161,1689800
11/28/16,36.939999,37.055,36.674999,36.744999,35.922318,6653800
11/29/16,36.73,37.029999,36.605,36.865002,36.039639,4590200
11/30/16,37.099998,37.16,36.650002,36.650002,35.829456,6280200
12/1/16,36.785,36.785,36.264999,36.375,35.560616,9890200
12/2/16,36.43,36.619999,36.294998,36.435001,35.619267,4252600
12/5/16,36.75,37.005001,36.685001,36.865002,36.039639,4569800
12/6/16,36.950001,37.115002,36.759998,37.105,36.274269,5273400
12/7/16,37.029999,38.099998,36.994999,38.049999,37.198105,8192800
12/8/16,38.064999,38.450001,37.959999,38.27,37.413181,7551600
12/9/16,38.34,38.720001,38.334999,38.705002,37.838444,4651600
12/12/16,38.674999,38.869999,38.465,38.619999,37.755344,4854000
12/13/16,38.865002,39.334999,38.865002,39.139999,38.263714,6465400
12/14/16,39.014999,39.299999,38.32,38.505001,37.642925,15846200
12/15/16,38.584999,39.145,38.535,38.785,37.91666,6105400
12/16/16,38.990002,39.009998,38.529999,38.669998,37.80423,4841400
12/19/16,38.735001,38.990002,38.665001,38.794998,37.926426,4374600
12/20/16,39.055,39.18,38.945,39.09,38.214828,4617600
12/21/16,39.025002,39.084999,38.855,38.869999,38.04549,4687000
12/22/16,38.790001,38.834999,38.560001,38.73,37.908463,5735000
12/23/16,38.724998,38.825001,38.654999,38.825001,38.00145,2064200
12/27/16,38.924999,39.165001,38.91,39.009998,38.182522,5759000
12/28/16,39.099998,39.099998,38.325001,38.389999,37.575672,6295800
12/29/16,38.395,38.525002,38.169998,38.349998,37.536522,3079400
12/30/16,38.48,38.494999,37.790001,38.07,37.262466,4972000
1/3/17,38.564999,38.830002,38.174999,38.630001,37.810589,6132800
1/4/17,38.764999,39.145,38.755001,39.084999,38.255939,4801400
1/5/17,38.985001,39.09,38.715,39.014999,38.18742,4869200
1/6/17,39.07,39.48,38.855,39.299999,38.466377,5503800
1/9/17,39.189999,39.255001,39.025002,39.040001,38.211891,5056600
1/10/17,39.044998,39.375,38.880001,39.035,38.207001,4271400
1/11/17,38.990002,39.25,38.740002,39.25,38.417439,6442000
1/12/17,39.044998,39.125,38.509998,39.07,38.241253,9437000
1/13/17,39.119999,39.349998,39.105,39.235001,38.402752,4311200
1/17/17,38.970001,39.134998,38.794998,38.955002,38.128689,5692800
1/18/17,39.055,39.134998,38.830002,39.119999,38.290195,7002200
1/19/17,39.150002,39.215,38.66,38.849998,38.025917,3380600
1/20/17,39.095001,39.310001,38.875,39.080002,38.251041,11387800
1/23/17,38.959999,39.119999,38.610001,38.91,38.084644,5960800
1/24/17,38.985001,39.564999,38.945,39.369999,38.534885,5328200
1/25/17,39.779999,40.080002,39.715,40.040001,39.190681,4029800
1/26/17,40.02,40.125,39.889999,39.994999,39.146633,4538000
1/27/17,40.02,40.080002,39.790001,39.889999,39.043846,6389400
1/30/17,39.59,39.605,38.98,39.41,38.574039,12487200
1/31/17,39.165001,39.389999,38.945,39.389999,38.554462,8099600
2/1/17,39.599998,39.724998,39.16,39.400002,38.564255,9158200
2/2/17,39.240002,39.549999,39.115002,39.419998,38.583828,5139400
2/3/17,39.779999,40.049999,39.674999,39.974998,39.127056,5040000
2/6/17,39.810001,39.970001,39.700001,39.834999,38.990032,7756600
2/7/17,39.985001,40.080002,39.759998,39.849998,39.004704,4650600
2/8/17,39.715,39.98,39.615002,39.955002,39.107479,4326600
2/9/17,40.035,40.525002,40.035,40.380001,39.523464,4548400
2/10/17,40.555,40.810001,40.509998,40.695,39.831783,3601800
2/13/17,40.919998,41.27,40.915001,41.150002,40.277142,3727400
2/14/17,41.080002,41.5,40.950001,41.5,40.619705,5302000
2/15/17,41.404999,41.994999,41.384998,41.91,41.021008,3961600
2/16/17,41.93,42,41.544998,41.860001,40.972069,5861000
2/17/17,41.575001,41.965,41.560001,41.945,41.055275,5661800
2/21/17,42.125,42.540001,42.125,42.450001,41.549557,3978000
2/22/17,42.290001,42.485001,42.235001,42.395,41.495724,3120400
2/23/17,42.610001,42.615002,42.134998,42.470001,41.569134,4644800
2/24/17,42.080002,42.564999,42.075001,42.544998,41.64254,6068600
2/27/17,42.525002,42.755001,42.41,42.700001,41.794258,5254200
2/28/17,42.535,42.625,42.294998,42.474998,41.574028,7084600
3/1/17,42.474998,43.82,42.474998,43.599998,42.675163,5163800
3/2/17,43.555,43.555,43.064999,43.115002,42.200455,4910800
3/3/17,43.049999,43.205002,42.889999,43.139999,42.224922,3235600
3/6/17,42.794998,43.014999,42.619999,42.875,41.965538,5634000
3/7/17,42.744999,42.895,42.529999,42.639999,41.735523,7806600
3/8/17,42.740002,42.84,42.395,42.450001,41.549557,4465200
3/9/17,42.490002,42.689999,42.154999,42.560001,41.65723,4160800
3/10/17,42.955002,42.974998,42.459999,42.825001,41.916599,4317400
3/13/17,42.825001,42.904999,42.689999,42.889999,41.980221,2511200
3/14/17,42.650002,42.68,42.299999,42.580002,41.676807,5670400
3/15/17,42.799999,43.470001,42.700001,43.279999,42.36195,5231400
3/16/17,43.360001,43.384998,42.985001,43.134998,42.220028,6097600
3/17/17,43.240002,43.299999,42.970001,42.970001,42.058525,2120000
3/20/17,42.955002,43.075001,42.709999,42.865002,41.955746,2870800
3/21/17,43.119999,43.169998,41.715,41.764999,40.879089,10794000
3/22/17,41.735001,42.025002,41.474998,41.919998,41.074562,5242600
3/23/17,41.830002,42.285,41.665001,41.82,40.976578,4554400
3/24/17,41.965,42.18,41.445,41.77,40.927593,5793200
3/27/17,41.060001,41.775002,40.959999,41.66,40.819798,5062400
3/28/17,41.580002,42.445,41.505001,42.255001,41.402805,4084200
3/29/17,42.139999,42.439999,42.055,42.360001,41.505695,2373400
3/30/17,42.334999,42.700001,42.25,42.59,41.731052,3266600
3/31/17,42.455002,42.689999,42.389999,42.419998,41.56448,2876800
4/3/17,42.439999,42.514999,41.755001,42.264999,41.412605,4991000
4/4/17,42.134998,42.345001,41.985001,42.334999,41.481194,4298200
4/5/17,42.580002,42.994999,41.98,42.064999,41.216633,8283600
4/6/17,42.130001,42.505001,41.93,42.259998,41.407711,5510800
4/7/17,42.18,42.485001,42,42.185001,41.334221,3907000
4/10/17,42.255001,42.57,42.035,42.235001,41.383209,4397800
4/11/17,42.084999,42.18,41.529999,42.139999,41.290127,6190200
4/12/17,42.025002,42.095001,41.674999,41.790001,40.947189,5884400
4/13/17,41.625,41.93,41.240002,41.255001,40.422981,4641000
4/17/17,41.435001,41.955002,41.349998,41.955002,41.10886,4971200
4/18/17,41.639999,41.915001,41.419998,41.68,40.839405,4419800
4/19/17,41.924999,42.075001,41.450001,41.540001,40.702225,4039200
4/20/17,41.785,42.389999,41.66,42.185001,41.334221,4536800
4/21/17,42.174999,42.189999,41.775002,41.950001,41.103962,4492000
4/24/17,42.865002,42.939999,42.66,42.84,41.976002,5652000
4/25/17,43.119999,43.5,43.084999,43.330002,42.456127,4781000
4/26/17,43.345001,43.705002,43.279999,43.305,42.431625,4539600
4/27/17,43.435001,43.490002,43.139999,43.360001,42.485527,3155800
4/28/17,43.474998,43.490002,43.119999,43.205002,42.333649,2150800
5/1/17,43.389999,43.564999,43.220001,43.384998,42.510017,3677400
5/2/17,43.455002,43.494999,43.255001,43.415001,42.539417,3782200
5/3/17,43.25,43.400002,43.035,43.310001,42.436527,4174600
5/4/17,43.424999,43.470001,43.055,43.395,42.519817,4034800
5/5/17,43.549999,43.77,43.384998,43.77,42.887249,3900600
5/8/17,43.77,43.825001,43.560001,43.740002,42.857857,2060200
5/9/17,43.825001,43.915001,43.505001,43.650002,42.769672,2037800
5/10/17,43.625,43.799999,43.540001,43.785,42.901955,2232400
5/11/17,43.595001,43.68,43.154999,43.619999,42.740288,3274800
5/12/17,43.509998,43.555,43.360001,43.5,42.622704,3043000
5/15/17,43.634998,43.990002,43.634998,43.91,43.024426,2472400
5/16/17,44.064999,44.080002,43.700001,43.860001,42.975433,2347600
5/17/17,43.134998,43.325001,42.27,42.32,41.466492,7512000
5/18/17,42.259998,42.985001,42.16,42.619999,41.760445,5245800
5/19/17,42.84,43.459999,42.82,43.185001,42.31406,4369800
5/22/17,43.375,43.685001,43.360001,43.610001,42.73048,2296400
5/23/17,43.764999,43.875,43.619999,43.799999,42.916641,2586000
5/24/17,43.904999,44.049999,43.764999,43.994999,43.107727,2579400
5/25/17,44.215,44.540001,44.150002,44.389999,43.494747,3035400
5/26/17,44.355,44.474998,44.314999,44.41,43.514347,1171000
5/30/17,44.255001,44.43,44.200001,44.325001,43.431065,1493800
5/31/17,44.455002,44.465,44,44.305,43.411461,3615200
6/1/17,44.485001,44.990002,44.375,44.970001,44.063053,3206800
6/2/17,45.025002,45.360001,44.895,45.264999,44.3521,2594400
6/5/17,45.235001,45.34,45.145,45.23,44.317814,2065000
6/6/17,44.98,45.209999,44.900002,44.965,44.058151,2267000
6/7/17,45.084999,45.185001,44.790001,45.09,44.180637,3222600
6/8/17,45.130001,45.34,44.919998,45.145,44.234531,3056600
6/9/17,45.25,45.584999,44.455002,45,44.092445,5025400
6/12/17,44.880001,45,44.605,44.970001,44.063053,3256800
6/13/17,45.200001,45.439999,45.055,45.395,44.479485,2350800
6/14/17,45.525002,45.540001,44.945,45.314999,44.401089,4473600
6/15/17,44.720001,45.165001,44.595001,45.119999,44.210026,2804200
6/16/17,45.195,45.195,44.755001,45.125,44.214931,2665400
6/19/17,45.48,45.900002,45.439999,45.855,44.930206,3134200
6/20/17,45.709999,45.724998,45.25,45.264999,44.3521,3987000
6/21/17,45.345001,45.424999,44.990002,45.18,44.308952,3172800
6/22/17,45.195,45.395,45.075001,45.134998,44.264812,1696400
6/23/17,45.185001,45.389999,45.009998,45.259998,44.387402,2123200
6/26/17,45.52,45.709999,45.215,45.279999,44.407017,3661800
6/27/17,45.205002,45.334999,44.57,44.584999,43.725422,5429200
6/28/17,44.974998,45.445,44.895,45.330002,44.456059,2736600
6/29/17,45.419998,45.445,44.049999,44.584999,43.725422,6874000
6/30/17,44.875,45.060001,44.650002,44.724998,43.862724,3709400
7/3/17,45.110001,45.299999,44.884998,44.884998,44.01963,3323600
7/5/17,45.014999,45.150002,44.68,45.049999,44.181461,2796400
7/6/17,44.740002,44.790001,44.169998,44.259998,43.406689,5246400
7/7/17,44.470001,44.875,44.415001,44.814999,43.950981,3461600
7/10/17,44.755001,45.060001,44.695,44.91,44.044159,1621200
7/11/17,44.82,44.965,44.334999,44.814999,43.950981,4526600
7/12/17,45.259998,45.575001,45.259998,45.5,44.622776,2420000
7/13/17,45.514999,45.700001,45.415001,45.634998,44.755173,2297000
7/14/17,45.654999,46.23,45.610001,46.044998,45.157276,2168200
7/17/17,46.049999,46.205002,45.990002,46.060001,45.171993,1772200
7/18/17,45.900002,46.125,45.73,46.110001,45.221027,2127400
7/19/17,46.25,46.599998,46.240002,46.59,45.691765,1903200
7/20/17,46.720001,46.755001,46.41,46.615002,45.716278,3272600
7/21/17,46.384998,46.564999,46.294998,46.560001,45.662346,2553600
7/24/17,46.52,46.580002,46.32,46.514999,45.618202,1921200
7/25/17,46.865002,46.889999,46.654999,46.715,45.81435,2848000
7/26/17,46.855,46.880001,46.634998,46.759998,45.85849,1480000
7/27/17,46.945,46.955002,46.095001,46.665001,45.765327,3992400
7/28/17,46.439999,46.59,46.25,46.535,45.637825,2408600
7/31/17,46.709999,46.75,46.395,46.490002,45.593697,2209600
8/1/17,46.735001,46.755001,46.5,46.665001,45.765327,1993200
8/2/17,46.744999,46.790001,46.325001,46.709999,45.809452,3025200
8/3/17,46.669998,46.674999,46.43,46.564999,45.66724,1725200
8/4/17,46.755001,46.849998,46.549999,46.709999,45.809452,1829400
8/7/17,46.73,46.880001,46.689999,46.865002,45.961472,1505200
8/8/17,46.73,47.27,46.48,46.665001,45.765327,2523600
8/9/17,46.325001,46.654999,46.185001,46.610001,45.711372,2509400
8/10/17,46.275002,46.314999,45.294998,45.334999,44.46096,5220800
8/11/17,45.400002,45.689999,45.305,45.424999,44.549229,3575600
8/14/17,45.990002,46.43,45.98,46.34,45.446587,3252600
8/15/17,46.5,46.5,46.189999,46.330002,45.436775,2397800
8/16/17,46.535,46.715,46.305,46.474998,45.578976,3170000
8/17/17,46.220001,46.349998,45.035,45.035,44.166744,5430600
8/18/17,44.950001,45.404999,44.689999,44.880001,44.014729,4252200
8/21/17,44.834999,45.055,44.555,44.955002,44.088284,2530200
8/22/17,45.189999,45.955002,45.185001,45.849998,44.966026,2894200
8/23/17,45.470001,45.724998,45.400002,45.555,44.676723,1981200
8/24/17,45.715,45.775002,45.244999,45.349998,44.475677,2267200
8/25/17,45.68,45.93,45.485001,45.544998,44.666904,2545200
8/28/17,45.755001,45.775002,45.365002,45.564999,44.686523,1916800
8/29/17,44.985001,45.75,44.93,45.630001,44.750282,2516000
8/30/17,45.639999,46.185001,45.555,46.07,45.181793,2361200
8/31/17,46.330002,46.724998,46.294998,46.634998,45.735901,2779200
9/1/17,46.785,46.935001,46.689999,46.779999,45.878105,2676000
9/5/17,46.509998,46.619999,45.650002,46.09,45.201408,6068000
9/6/17,46.375,46.525002,46.134998,46.389999,45.495625,2149400
9/7/17,46.509998,46.509998,46.185001,46.380001,45.485817,2385200
9/8/17,46.23,46.445,46.150002,46.25,45.358326,2213200
9/11/17,46.785,47.27,46.785,47.205002,46.294903,2054000
9/12/17,47.395,47.555,47.305,47.544998,46.628345,5162400
9/13/17,47.41,47.605,47.375,47.599998,46.682297,1672400
9/14/17,47.445,47.639999,47.375,47.564999,46.647972,1360000
9/15/17,47.490002,47.709999,47.439999,47.705002,46.785267,1833000
9/18/17,47.84,48.029999,47.715,47.889999,46.966698,1940600
9/19/17,47.974998,48.009998,47.834999,47.959999,47.035351,903000
9/20/17,48,48.049999,47.57,48,47.074581,2647800
9/21/17,47.924999,47.955002,47.665001,47.735001,46.814686,1262800
9/22/17,47.599998,47.825001,47.595001,47.755001,46.834305,1220200
9/25/17,47.634998,47.794998,47.224998,47.555,46.638157,2077000
9/26/17,47.73,47.834999,47.505001,47.605,46.687199,2060800
9/27/17,47.875,48.095001,47.485001,47.93,47.050404,2849800
9/28/17,47.799999,48.064999,47.77,48.040001,47.158394,1357200
9/29/17,48.02,48.400002,47.950001,48.369999,47.482338,2029200
10/2/17,48.465,48.775002,48.435001,48.759998,47.865177,2682200
10/3/17,48.84,49,48.75,48.994999,48.09586,1310400
10/4/17,48.924999,49.215,48.869999,49.115002,48.213661,1864800
10/5/17,49.240002,49.685001,49.200001,49.665001,48.753563,1880400
10/6/17,49.48,49.584999,49.360001,49.57,48.660309,2143800
10/9/17,49.654999,49.685001,49.279999,49.404999,48.498341,1192600
10/10/17,49.645,49.814999,49.415001,49.650002,48.738846,2046200
10/11/17,49.605,49.805,49.535,49.790001,48.876274,1345200
10/12/17,49.66,49.810001,49.544998,49.630001,48.719215,1715400
10/13/17,49.845001,49.895,49.695,49.759998,48.846821,1070600
10/16/17,49.865002,49.98,49.709999,49.900002,48.984253,1264600
10/17/17,49.860001,49.974998,49.775002,49.970001,49.052971,1046800
10/18/17,50.130001,50.150002,49.970001,50.035,49.116776,952000
10/19/17,49.674999,50.080002,49.509998,50.060001,49.141315,1751200
10/20/17,50.439999,50.595001,50.32,50.580002,49.651783,1716000
10/23/17,50.720001,50.73,50.154999,50.189999,49.268929,1690000
10/24/17,50.380001,50.459999,50.205002,50.345001,49.421089,1458000
10/25/17,50.209999,50.255001,49.349998,49.855,48.940075,3098000
10/26/17,50.119999,50.244999,49.959999,49.970001,49.052971,1613600
10/27/17,50.310001,50.855,50.189999,50.77,49.838287,2661600
10/30/17,50.310001,50.740002,50.279999,50.41,49.484898,2176800
10/31/17,50.580002,50.68,50.43,50.560001,49.632141,1624000
11/1/17,50.915001,51.060001,50.529999,50.695,49.764664,1995600
11/2/17,50.654999,50.790001,50.195,50.724998,49.794109,2215600
11/3/17,50.790001,51.080002,50.619999,51.044998,50.108234,1433000
11/6/17,50.98,51.264999,50.970001,51.18,50.240772,1335200
11/7/17,51.25,51.41,50.91,51.165001,50.22604,2050400
11/8/17,51.044998,51.349998,50.935001,51.330002,50.388016,1604000
11/9/17,50.75,51.014999,50.209999,50.939999,50.005161,4190600
11/10/17,50.75,50.93,50.605,50.895,49.960999,2489400
11/13/17,50.584999,51.084999,50.564999,50.98,50.04443,1606000
11/14/17,50.599998,50.790001,50.264999,50.744999,49.813744,2647200
11/15/17,50.32,50.535,49.919998,50.23,49.308201,2778000
11/16/17,50.634998,51.240002,50.630001,51.049999,50.113144,3047000
11/17/17,50.904999,51,50.735001,50.77,49.838287,1988800
11/20/17,50.880001,51.014999,50.77,50.919998,49.985538,1664000
11/21/17,51.279999,51.674999,51.25,51.580002,50.633423,2455000
11/22/17,51.59,51.645,51.424999,51.505001,50.559795,1487800
11/24/17,51.700001,51.775002,51.645,51.73,50.780666,1262600
11/27/17,51.740002,51.880001,51.580002,51.689999,50.741398,1631800
11/28/17,51.895,52.73,51.845001,52.695,51.727966,3337600
11/29/17,52.785,53.025002,52.450001,52.66,51.693596,2995800
11/30/17,53.07,53.974998,53.035,53.529999,52.547634,3761600
12/1/17,53.48,53.685001,51.845001,53.32,52.341499,5500000
12/4/17,54.084999,54.275002,53.185001,53.189999,52.213875,3602800
12/5/17,53.32,53.599998,52.755001,52.825001,51.855576,3983400
12/6/17,52.674999,53.035,52.625,52.830002,51.860485,2044200
12/7/17,52.759998,53.299999,52.715,53.154999,52.179516,2034600
12/8/17,53.535,53.740002,53.419998,53.720001,52.734142,1514400
12/11/17,53.75,54.080002,53.724998,54.060001,53.067921,2195400
12/12/17,54.18,54.459999,54.064999,54.255001,53.259335,1818800
12/13/17,54.349998,54.560001,54.200001,54.215,53.220066,2798600
12/14/17,54.375,54.404999,53.744999,53.775002,52.788143,2553400
12/15/17,54.244999,54.865002,54.209999,54.669998,53.666714,2504800
12/18/17,55.294998,55.505001,55.259998,55.334999,54.319508,2358600
12/19/17,55.465,55.465,54.884998,54.955002,53.946491,4511600
12/20/17,55.365002,55.395,54.73,54.869999,53.863041,4503000
12/21/17,55.115002,55.395,54.959999,55.060001,54.049564,2754000
12/22/17,55.064999,55.080002,54.790001,55.035,54.025013,2635600
12/26/17,54.755001,54.895,54.695,54.814999,53.887875,1137600
12/27/17,54.869999,55.035,54.744999,54.880001,53.951778,1177200
12/28/17,55.060001,55.095001,54.91,55.084999,54.153313,1944600
12/29/17,55.325001,55.330002,54.564999,54.715,53.78957,2988000
1/2/18,55.080002,55.455002,54.889999,55.455002,54.517056,3844800
1/3/18,55.535,56.200001,55.514999,56.119999,55.170807,2248600
1/4/18,56.43,56.830002,56.384998,56.619999,55.66235,2775000
1/5/18,56.98,57.400002,56.735001,57.330002,56.36034,2739400
1/8/18,57.285,57.619999,57.150002,57.544998,56.571709,1928800
1/9/18,57.744999,58.099998,57.619999,57.805,56.827305,2601400
1/10/18,57.435001,57.744999,57.115002,57.619999,56.645428,2902000
1/11/18,57.875,58.435001,57.799999,58.424999,57.436817,3338600
1/12/18,58.580002,59.285,58.514999,59.200001,58.198708,3018600
1/16/18,59.805,60.125,58.455002,58.790001,57.795643,4891000
1/17/18,59.23,60.09,58.900002,59.924999,58.911442,3355400
1/18/18,59.834999,60.049999,59.465,59.715,58.705006,2866600
1/19/18,59.965,60.235001,59.700001,60.235001,59.216209,3124600
1/22/18,60.095001,61.209999,60.095001,61.200001,60.164883,3184400
1/23/18,61.224998,61.610001,61.080002,61.459999,60.420483,2616200
1/24/18,61.785,62.07,60.834999,61.424999,60.386082,3677600
1/25/18,61.825001,61.865002,61.060001,61.450001,60.410656,3076200
1/26/18,61.855,62.860001,61.73,62.855,61.791885,2698800
1/29/18,62.57,62.790001,61.959999,62.014999,60.966091,3708800
1/30/18,61.084999,61.415001,60.509998,60.705002,59.678253,4949600
1/31/18,61.16,61.41,60.285,60.825001,59.796227,3197200
2/1/18,60.400002,61.299999,60.275002,60.665001,59.638931,2766600
2/2/18,59.994999,60.060001,57.994999,58.029999,57.048496,7279200
2/5/18,57.105,58.16,52.860001,53.314999,52.413246,14751400
2/6/18,51.529999,55.435001,51.025002,55.244999,54.310604,16333600
2/7/18,54.93,56.560001,54.605,54.605,53.681431,8534000
2/8/18,54.75,54.805,50.535,50.57,49.71468,13738200
2/9/18,51.825001,52.845001,48.674999,52.105,51.223713,18101200
2/12/18,52.945,54.209999,52.189999,53.52,52.614777,8239800
2/13/18,52.994999,54.064999,52.740002,53.825001,52.914623,4517000
2/14/18,53.200001,55.435001,53.16,55.285,54.349926,6141200
2/15/18,56.049999,56.669998,54.924999,56.654999,55.696758,5085400
2/16/18,56.375,57.619999,56.360001,56.689999,55.731167,5958800
2/20/18,56.23,56.93,55.605,56.009998,55.06266,4565800
2/21/18,56.165001,57.325001,55.384998,55.389999,54.453148,5100000
2/22/18,55.889999,56.634998,55.25,55.514999,54.576042,4839800
2/23/18,56.139999,57.314999,55.924999,57.305,56.335762,3832400
2/26/18,57.814999,58.695,57.560001,58.645,57.653095,4167600
2/27/18,58.735001,59.080002,57.154999,57.165001,56.198128,5611200
2/28/18,57.705002,57.904999,55.869999,55.915001,54.969273,5219400
3/1/18,55.939999,56.625,53.525002,54.400002,53.479904,10595000
3/2/18,53.575001,55.185001,53.189999,54.955002,54.025513,11050400
3/5/18,54.369999,56.474998,54.330002,56.205002,55.254368,6678600
3/6/18,56.625,56.685001,55.77,56.485001,55.529629,5012200
3/7/18,55.459999,56.59,55.369999,56.419998,55.465729,5285400
3/8/18,56.740002,57.014999,56.275002,56.950001,55.986771,5018800
3/9/18,57.625,58.93,57.474998,58.904999,57.908703,4897400
3/12/18,59.095001,59.380001,58.619999,58.794998,57.800556,3686200
3/13/18,59.365002,59.580002,57.75,58.044998,57.063248,8638600
3/14/18,58.490002,58.564999,57.169998,57.43,56.458649,8621200
3/15/18,57.669998,57.959999,57.060001,57.310001,56.340679,5501200
3/16/18,57.505001,57.895,57.389999,57.415001,56.443905,4549400
3/19/18,57.049999,57.064999,55.080002,55.875,54.929955,8771200
3/20/18,56.035,56.330002,55.73,56.049999,55.10199,4887000
3/21/18,55.945,56.889999,55.625,55.720001,54.855862,6432000
3/22/18,54.685001,55.060001,52.82,52.955002,52.133743,8875000
3/23/18,53.150002,53.285,50.599998,50.674999,49.889103,10686800
3/26/18,52.310001,53.560001,51.215,53.474998,52.645679,9951000
3/27/18,53.860001,54.099998,50.900002,51.580002,50.780071,11404600
3/28/18,51.645,52.375,50.794998,51.32,50.524109,11191800
3/29/18,51.799999,53.41,51.465,52.740002,51.922081,5297600
4/2/18,52.355,52.584999,49.209999,50.360001,49.578991,6818200
4/3/18,50.865002,51.810001,50.075001,51.610001,50.809608,5844400
4/4/18,50,53.02,49.945,52.77,51.951611,8171400
4/5/18,53.5,53.915001,52.985001,53.529999,52.699825,4602800
4/6/18,52.650002,53.305,50.439999,51.165001,50.37151,7599200
4/9/18,51.825001,53.139999,51.450001,51.584999,50.784992,5290800
4/10/18,52.924999,53.619999,52.395,53.25,52.424171,5371800
4/11/18,52.575001,53.455002,52.57,52.720001,51.902393,4517000
4/12/18,53.294998,53.990002,53.215,53.535,52.704754,4318800
4/13/18,54.18,54.205002,52.77,53.25,52.424171,4884800
4/16/18,53.950001,54.455002,53.599998,54.105,53.265911,3638800
4/17/18,54.93,55.529999,54.689999,55.244999,54.388229,3983200
4/18/18,55.485001,55.700001,55.134998,55.334999,54.476841,3005600
4/19/18,54.985001,55.105,54.23,54.689999,53.841843,5005400
4/20/18,54.685001,54.77,53.365002,53.790001,52.955795,3483600
4/23/18,54.049999,54.285,53.264999,53.755001,52.921337,3449200
4/24/18,54.220001,54.305,51.615002,52.325001,51.513512,7995600
4/25/18,52.244999,52.75,51.445,52.555,51.739956,5798800
4/26/18,53.014999,53.974998,52.805,53.595001,52.763821,4293800
4/27/18,53.869999,54.02,53.279999,53.715,52.881962,3735200
4/30/18,53.985001,54.224998,52.84,52.845001,52.025448,5037000
5/1/18,52.650002,53.099998,51.93,53.075001,52.251884,4669000
5/2/18,52.91,53.330002,52.154999,52.334999,51.523357,3982400
5/3/18,51.945,52.380001,50.674999,52.095001,51.287083,7615600
5/4/18,51.654999,53.744999,51.525002,53.439999,52.611217,4357000
5/7/18,53.779999,54.23,53.474998,53.755001,52.921337,4020800
5/8/18,53.599998,53.945,53.080002,53.77,52.936104,4637600
5/9/18,54.09,54.965,53.860001,54.830002,53.979664,3967400
5/10/18,55.169998,55.98,55.110001,55.830002,54.964161,2785600
5/11/18,55.895,56.299999,55.674999,56.060001,55.190594,2179400
5/14/18,56.375,56.66,55.98,56.189999,55.318581,2282000
5/15/18,55.645,55.654999,55.014999,55.419998,54.560509,5871800
5/16/18,55.435001,56.115002,55.435001,55.904999,55.037991,3056800
5/17/18,55.75,56.294998,55.439999,55.805,54.939545,2465400
5/18/18,55.634998,55.799999,55.349998,55.535,54.673737,3828400
5/21/18,56.185001,56.595001,56.035,56.330002,55.456413,3099400
5/22/18,56.580002,56.705002,55.880001,56.009998,55.141369,3617800
5/23/18,55.43,56.34,55.360001,56.334999,55.461323,3699200
5/24/18,56.119999,56.25,55.255001,56.105,55.234894,3192400
5/25/18,55.834999,56.095001,55.575001,55.814999,54.94939,3938400
5/29/18,55.02,55.384998,53.994999,54.575001,53.728619,8860600
5/30/18,55.139999,56.169998,55.084999,55.955002,55.087227,2526400
5/31/18,55.764999,55.889999,54.985001,55.174999,54.319321,6827800
6/1/18,55.865002,56.5,55.84,56.334999,55.461323,3390400
6/4/18,56.720001,56.990002,56.605,56.880001,55.997875,3295800
6/5/18,56.915001,57.125,56.57,57.02,56.135704,3088200
6/6/18,57.220001,57.950001,56.939999,57.939999,57.041428,2534400
6/7/18,58.110001,58.255001,57.455002,57.869999,56.972519,3597000
6/8/18,57.645,58.240002,57.580002,58.220001,57.317093,1620000
6/11/18,58.285,58.709999,58.255001,58.360001,57.454929,1935200
6/12/18,58.57,58.674999,58.200001,58.544998,57.637051,2236400
6/13/18,58.615002,58.735001,58.035,58.084999,57.184193,3332400
6/14/18,58.514999,58.665001,58.125,58.419998,57.513992,3243400
6/15/18,58.044998,58.400002,57.505001,58.259998,57.356476,2649200
6/18/18,57.549999,58.07,57.32,58.014999,57.115273,3254800
6/19/18,56.935001,57.66,56.720001,57.564999,56.672253,3829000
6/20/18,57.794998,57.959999,57.494999,57.665001,56.864056,2403200
6/21/18,57.619999,57.625,56.674999,56.919998,56.129395,4592000
6/22/18,57.509998,57.544998,57.009998,57.099998,56.306892,2747000
6/25/18,56.555,56.630001,54.764999,55.549999,54.778427,10688000
6/26/18,55.794998,56.18,55.465,55.775002,55.000305,3079400
6/27/18,56.049999,56.720001,54.805,54.834999,54.073353,5389800
6/28/18,54.805,55.825001,54.485001,55.485001,54.714329,8165800
6/29/18,55.974998,56.599998,55.59,55.645,54.872105,3919400
7/2/18,54.900002,55.945,54.785,55.904999,55.128502,4752600
7/3/18,56.27,56.305,55.264999,55.43,54.660091,2782200
7/5/18,55.955002,56.375,55.470001,56.349998,55.567314,4535800
7/6/18,56.360001,57.465,56.18,57.244999,56.449886,3138400
7/9/18,57.764999,58.330002,57.75,58.305,57.495163,2174400
7/10/18,58.540001,58.779999,58.389999,58.685001,57.869888,2293400
7/11/18,58,58.355,57.73,57.875,57.071136,4665600
7/12/18,58.450001,58.924999,58.169998,58.880001,58.062176,2689400
7/13/18,58.84,59.139999,58.605,58.970001,58.150925,1692800
7/16/18,59.009998,59.07,58.674999,58.860001,58.042458,2073400
7/17/18,58.514999,59.555,58.490002,59.380001,58.555237,2215800
7/18/18,59.380001,59.645,59.189999,59.599998,58.772171,1523000
7/19/18,59.279999,59.43,58.904999,59.154999,58.333355,1753800
7/20/18,59.044998,59.32,58.915001,59.009998,58.190365,2246600
7/23/18,58.875,59.299999,58.724998,59.220001,58.397449,1006000
7/24/18,59.849998,60.195,59.384998,59.77,58.939808,2935200
7/25/18,59.68,60.959999,59.650002,60.860001,60.014671,3507600
7/26/18,60.43,60.84,60.404999,60.490002,59.649822,1443400
7/27/18,60.669998,60.695,59.235001,59.685001,58.855995,4527800
7/30/18,59.715,59.779999,58.790001,59.014999,58.195301,4898600
7/31/18,59.439999,59.915001,59.23,59.59,58.762306,2343600
8/1/18,59.68,59.955002,59.115002,59.445,58.619328,2429400
8/2/18,58.825001,60.134998,58.695,60.005001,59.171551,1923000
8/3/18,60.115002,60.584999,60.040001,60.584999,59.743488,1999800
8/6/18,60.564999,61.150002,60.389999,61.02,60.172451,2276800
8/7/18,61.32,61.59,61.255001,61.375,60.522518,2702400
8/8/18,61.310001,61.529999,61.119999,61.32,60.468281,2044400
8/9/18,61.349998,61.549999,61.09,61.154999,60.305576,1384600
8/10/18,60.419998,60.705002,59.985001,60.305,59.467384,3825200
8/13/18,60.455002,60.75,59.73,59.834999,59.003918,2930800
8/14/18,60.224998,60.73,60.02,60.619999,59.778008,1801800
8/15/18,59.965,60.02,59.014999,59.705002,58.875717,4018800
8/16/18,60.389999,61.09,60.389999,60.68,59.837173,2948800
8/17/18,60.529999,61.299999,60.369999,61.049999,60.202038,2504600
8/20/18,61.34,61.48,61.080002,61.345001,60.492939,2011600
8/21/18,61.599998,62.040001,61.535,61.59,60.734539,1657000
8/22/18,61.419998,61.799999,61.294998,61.544998,60.690163,1414600
8/23/18,61.445,61.865002,61.215,61.355,60.502796,1671000
8/24/18,61.630001,62.165001,61.619999,62.09,61.227585,2684600
8/27/18,62.650002,63.119999,62.595001,63.044998,62.169327,3085800
8/28/18,63.299999,63.34,62.904999,63.119999,62.243282,1011800
8/29/18,63.235001,63.915001,63.115002,63.810001,62.923695,1584600
8/30/18,63.535,63.73,62.974998,63.25,62.371479,2450000
8/31/18,63.049999,63.48,62.825001,63.255001,62.376408,1571600
9/4/18,63.060001,63.205002,62.540001,63.07,62.193981,2086400
9/5/18,62.849998,62.950001,62.195,62.669998,61.79953,3800600
9/6/18,62.73,62.869999,61.790001,62.314999,61.449459,3226800
9/7/18,61.775002,62.52,61.68,62.040001,61.17828,2566200
9/10/18,62.529999,62.654999,62.16,62.25,61.385368,1420800
9/11/18,61.950001,62.875,61.77,62.700001,61.829117,2704600
9/12/18,62.674999,62.965,62.299999,62.720001,61.848839,2678600
9/13/18,63.18,63.505001,63.064999,63.404999,62.524323,2086600
9/14/18,63.514999,63.595001,63.044998,63.439999,62.558834,2383200
9/17/18,63.419998,63.419998,62.610001,62.75,61.878426,1620800
9/18/18,62.830002,63.715,62.830002,63.424999,62.544048,2987800
9/19/18,63.424999,63.759998,63.384998,63.555,62.672241,1924600
9/20/18,64.144997,64.724998,64.099998,64.544998,63.648479,3352400
9/21/18,64.949997,64.989998,64.370003,64.464996,63.569588,1598200
9/24/18,64.160004,64.220001,63.720001,64.040001,63.150501,2078600
9/25/18,64.235001,64.275002,63.775002,63.884998,62.997654,1613600
9/26/18,63.895,64.470001,63.224998,63.424999,62.602844,2038400
9/27/18,63.665001,64.300003,63.52,63.779999,62.953239,1231000
9/28/18,63.474998,64.019997,63.450001,63.759998,62.933498,1630400
10/1/18,64.389999,64.745003,63.895,64.205002,63.372738,2879400
10/2/18,64.114998,64.495003,63.959999,64.135002,63.303646,1616800
10/3/18,64.635002,64.870003,64.040001,64.230003,63.397411,2809600
10/4/18,63.935001,63.974998,62.400002,63.215,62.395569,5948200
10/5/18,63.27,63.535,61.744999,62.514999,61.704636,5762600
10/8/18,62.110001,62.625,61.450001,62.43,61.620743,3789000
10/9/18,62.235001,62.900002,62,62.285,61.477619,3638000
10/10/18,62.009998,62.025002,58.145,58.285,57.529472,6613600
10/11/18,57.805,58.544998,54.974998,55.73,55.007587,13219800
10/12/18,57.695,57.735001,55.805,57.299999,56.557236,7778600
10/15/18,57.080002,57.689999,56.564999,56.669998,55.935406,5680400
10/16/18,57.509998,59.279999,57.32,59.095001,58.328976,3838800
10/17/18,59.09,59.395,57.889999,59.095001,58.328976,7229000
10/18/18,58.654999,58.935001,56.775002,57.415001,56.67075,6263200
10/19/18,57.705002,58.575001,56.924999,57.305,56.56218,4211000
10/22/18,57.615002,57.77,56.540001,56.790001,56.053852,5623200
10/23/18,55.07,56.709999,54.145,56.189999,55.461628,9033200
10/24/18,56.110001,56.264999,52.540001,52.805,52.120506,6939600
10/25/18,53.580002,55.360001,53.145,54.674999,53.966267,5834000
10/26/18,52.970001,54.139999,51.525002,52.735001,52.051414,11204200
10/29/18,54.130001,54.674999,50.564999,52.150002,51.473991,8678200
10/30/18,52.075001,53.82,51.880001,53.674999,52.979225,4871000
10/31/18,54.845001,55.855,54.634998,54.825001,54.114326,5056400
11/1/18,55.220001,56.060001,54.715,55.924999,55.200062,3231000
11/2/18,56.5,56.654999,54.365002,55.314999,54.597977,6645000
11/5/18,55.509998,56.150002,55.09,55.900002,55.175385,2674600
11/6/18,55.875,56.669998,55.860001,56.595001,55.861378,2449200
11/7/18,57.584999,59.064999,57.415001,58.985001,58.220402,4275000
11/8/18,58.66,59.09,58.264999,58.77,58.008186,3516000
11/9/18,58.174999,58.235001,56.98,57.695,56.947117,3546200
11/12/18,57.380001,57.5,55.244999,55.435001,54.716419,4992200
11/13/18,55.669998,56.580002,54.924999,55.259998,54.543678,3457600
11/14/18,56.095001,56.27,53.785,54.455002,53.749119,5752600
11/15/18,53.91,55.825001,53.200001,55.599998,54.879272,5985600
11/16/18,55.115002,56.299999,54.895,55.889999,55.165516,4211400
11/19/18,55.630001,55.73,53.599998,54,53.300022,3654600
11/20/18,52.490002,53.139999,51.575001,52.005001,51.330879,8175000
11/21/18,52.650002,53.154999,52.330002,52.330002,51.651669,2995400
11/23/18,51.59,52.23,51.549999,51.68,51.010086,1582600
11/26/18,52.619999,53.294998,52.439999,53.27,52.579483,3995000
11/27/18,52.825001,53.619999,52.580002,53.619999,52.924942,3261400
11/28/18,54.110001,56.099998,53.695,56.035,55.308636,5286200
11/29/18,55.744999,56.5,55.235001,55.849998,55.12603,6025600
11/30/18,55.77,56.794998,55.66,56.549999,55.816963,3522200
12/3/18,58.455002,58.48,57.285,57.990002,57.238297,5615400
12/4/18,57.630001,57.814999,54.095001,54.305,53.601063,8592800
12/6/18,52.485001,54.139999,51.080002,54.139999,53.438206,11259200
12/7/18,53.880001,54.599998,51.165001,51.555,50.886711,7970200
12/10/18,51.445,52.130001,49.595001,51.689999,51.019955,7999000
12/11/18,53.119999,53.189999,51.099998,51.735001,51.064377,6502400
12/12/18,53.064999,53.625,52.244999,52.264999,51.587502,6234400
12/13/18,52.650002,53.035,51.735001,52.224998,51.548027,6030000
12/14/18,51.23,51.66,50.014999,50.255001,49.603561,6223400
12/17/18,49.84,50.32,47.59,48.23,47.604809,7564400
12/18/18,48.965,49.244999,47.509998,48.169998,47.545589,5065600
12/19/18,48.205002,49.740002,45.974998,46.705002,46.099575,9427400
12/20/18,46.18,46.814999,44.23,45.209999,44.623959,10922200
12/21/18,45.490002,46.605,43.055,43.294998,42.733784,10920000
12/24/18,42.695,43.119999,40.904999,40.904999,40.37476,6883200
12/26/18,41.470001,44.970001,40.695,44.915001,44.45668,7845400
12/27/18,43.715,45.799999,42.369999,45.799999,45.332645,7256400
12/28/18,46.25,46.900002,45.099998,45.575001,45.109943,7669600
12/31/18,46.215,46.43,45.490002,46.41,45.936424,6122200
1/2/19,44.945,46.834999,44.884998,46.465,45.99086,7032400
1/3/19,45.73,45.814999,44.014999,44.169998,43.719276,9429800
1/4/19,45.445,47.424999,45.285,47.215,46.733215,7039200
1/7/19,47.285,48.505001,46.904999,47.900002,47.411217,5101200
1/8/19,48.830002,49.014999,47.790001,48.779999,48.282238,6126400
1/9/19,49.099998,49.625,48.595001,49.23,48.72765,4421600
1/10/19,48.610001,49.689999,48.310001,49.610001,49.103771,5379400
1/11/19,49.139999,49.619999,48.884998,49.59,49.083977,3099800
1/14/19,48.805,49.345001,48.645,49.035,48.534637,2661400
1/15/19,49.185001,50.264999,49.185001,50.154999,49.643204,5001600
1/16/19,50.314999,50.75,50.224998,50.349998,49.836216,2558600
1/17/19,49.985001,51.490002,49.965,51.09,50.568668,2916800
1/18/19,51.904999,52.665001,51.564999,52.439999,51.904892,4318400
1/22/19,51.810001,51.900002,50.349998,51.080002,50.558773,5657400
1/23/19,51.494999,51.785,50.200001,51.215,50.692402,3722400
1/24/19,51.169998,51.540001,50.720001,51.299999,50.776527,2990200
1/25/19,52.080002,52.505001,51.904999,52.145,51.612907,2754600
1/28/19,51.224998,51.395,50.59,51.395,50.870556,2646800
1/29/19,51.419998,51.650002,50.849998,51.209999,50.687443,1937400
1/30/19,51.875,53.189999,51.544998,52.825001,52.285961,3872000
1/31/19,52.805,53.93,52.709999,53.709999,53.161934,3897400
2/1/19,53.825001,54.259998,53.465,53.82,53.270809,3069000
2/4/19,53.805,54.575001,53.514999,54.575001,54.018105,1972800
2/5/19,54.75,55.125,54.505001,55.014999,54.453621,2401600
2/6/19,54.860001,55.060001,54.514999,54.830002,54.270504,1572800
2/7/19,54.105,54.334999,53.040001,53.794998,53.246063,4581800
2/8/19,53.209999,53.939999,52.865002,53.904999,53.354942,3491000
2/11/19,54.200001,54.305,53.724998,53.965,53.414333,2364200
2/12/19,54.669998,55.514999,54.630001,55.369999,54.804993,2268400
2/13/19,55.735001,56.07,55.535,55.689999,55.121727,3542800
2/14/19,55.18,55.935001,54.814999,55.419998,54.854485,3861400
2/15/19,56.235001,56.650002,56.134998,56.630001,56.052139,3038200
2/19/19,56.259998,57.125,56.25,56.84,56.259995,2059200
2/20/19,56.82,57.244999,56.57,57.044998,56.462906,2715200
2/21/19,56.755001,56.895,56.185001,56.630001,56.052139,2776000
2/22/19,56.915001,57.404999,56.779999,57.32,56.735096,2681400
2/25/19,57.965,58.205002,57.435001,57.52,56.933056,3808800
2/26/19,57.285,57.779999,57.224998,57.375,56.789532,2002200
2/27/19,57.044998,57.459999,56.615002,57.334999,56.749939,2376000
2/28/19,57.189999,57.404999,56.950001,57.044998,56.462906,1551800
3/1/19,57.82,57.990002,57.150002,57.855,57.264633,2924400
3/4/19,58.285,58.375,56.32,57.380001,56.794483,5730200
3/5/19,57.419998,57.505001,56.950001,57.215,56.631168,1733800
3/6/19,57.240002,57.240002,56.365002,56.485001,55.908615,3728200
3/7/19,56.285,56.330002,55.169998,55.555,54.98811,5303400
3/8/19,54.700001,55.375,54.48,55.325001,54.760452,4031400
3/11/19,55.630001,56.985001,55.630001,56.955002,56.373825,1922400
3/12/19,57.154999,57.564999,57.09,57.314999,56.730145,2061800
3/13/19,57.755001,58.514999,57.669998,58.099998,57.507137,2634800
3/14/19,58.09,58.279999,57.799999,58.02,57.427959,2000200
3/15/19,58.23,58.924999,58.169998,58.580002,57.982239,2845600
3/18/19,58.654999,59.125,58.555,59.02,58.417747,2636000
3/19/19,59.474998,59.825001,58.599998,59.035,58.432602,2591400
3/20/19,58.785,59.345001,58.029999,58.485001,57.996277,3996000
3/21/19,58.150002,60.009998,58.134998,59.825001,59.325077,2610000
3/22/19,59.185001,59.435001,57.5,57.514999,57.034374,6158600
3/25/19,57.375,57.900002,56.880001,57.450001,56.969921,4417400
3/26/19,58.23,58.715,57.645,58.259998,57.773151,4317200
3/27/19,58.290001,58.529999,56.959999,57.674999,57.193039,2813600
3/28/19,57.955002,58.294998,57.419998,58.145,57.659115,2618600
3/29/19,58.794998,58.965,58.279999,58.900002,58.407806,2730200
4/1/19,59.740002,60.330002,59.615002,60.220001,59.716774,2550600
4/2/19,60.290001,60.360001,59.900002,60.264999,59.761398,1338000
4/3/19,60.82,61.005001,60.16,60.485001,59.979561,2995600
4/4/19,60.584999,60.849998,60.25,60.764999,60.257221,1623600
4/5/19,61.064999,61.334999,60.919998,61.285,60.772873,2012000
4/8/19,61.110001,61.459999,60.805,61.424999,60.911705,2306800
4/9/19,60.939999,61.09,60.514999,60.77,60.262184,3630800
4/10/19,60.965,61.220001,60.775002,61.165001,60.653881,1343000
4/11/19,61.395,61.395,60.875,61.134998,60.624126,1635400
4/12/19,61.900002,62.09,61.564999,61.955002,61.437275,1975400
4/15/19,61.994999,62.02,61.485001,61.875,61.357944,1713800
4/16/19,62.27,62.299999,61.654999,61.935001,61.417442,2074400
4/17/19,62.445,62.455002,61.419998,61.639999,61.124908,2218400
4/18/19,61.889999,61.965,61.264999,61.849998,61.333153,2402200
4/22/19,61.474998,62.02,61.435001,61.939999,61.422401,1161800
4/23/19,62.115002,63.16,62.009998,63.07,62.542957,2054600
4/24/19,63,63.154999,62.695,62.785,62.260342,1558000
4/25/19,62.715,62.98,62.095001,62.674999,62.15126,2147200
4/26/19,62.689999,63.279999,62.310001,63.27,62.741287,2166200
4/29/19,63.294998,63.68,63.244999,63.43,62.899952,1224400
4/30/19,63.25,63.615002,62.595001,63.445,62.914825,2391400
5/1/19,63.790001,63.880001,62.514999,62.57,62.047138,3088800
5/2/19,62.439999,62.895,61.555,62.27,61.749645,3670600
5/3/19,62.935001,63.575001,62.834999,63.439999,62.909866,2103400
5/6/19,61.369999,63.125,61.220001,62.915001,62.389256,3095400
5/7/19,61.775002,62.055,59.904999,60.82,60.311764,4520400
5/8/19,60.650002,61.450001,60.355,60.650002,60.143185,2754400
5/9/19,59.645,60.535,58.825001,60.25,59.746521,4289600
5/10/19,59.814999,61.185001,58.404999,60.790001,60.282017,5150400
5/13/19,58.439999,58.895,57.395,57.794998,57.312038,5486600
5/14/19,58.240002,59.514999,58.200001,58.830002,58.33839,2383200
5/15/19,58.064999,59.790001,57.970001,59.470001,58.973042,4590800
5/16/19,59.799999,61.220001,59.779999,60.580002,60.073769,3001800
5/17/19,59.494999,60.945,59.494999,59.82,59.320114,3617400
5/20/19,59.055,59.605,58.654999,59.035,58.541679,2749400
5/21/19,59.77,60.23,59.665001,60.049999,59.548195,1861000
5/22/19,59.59,60.099998,59.470001,59.705002,59.206081,2446000
5/23/19,58.634998,58.650002,57.564999,58.235001,57.748363,4170600
5/24/19,58.869999,59.040001,58.165001,58.439999,57.951649,1768400
5/28/19,58.57,59.014999,57.345001,57.355,56.875717,3040000
5/29/19,56.834999,57.02,55.935001,56.615002,56.141899,4582000
5/30/19,56.889999,57.285,56.380001,56.860001,56.38485,2666800
5/31/19,55.715,56.095001,55.32,55.34,54.877552,4362800
6/3/19,55.330002,55.84,54.439999,55.029999,54.570145,6686000
6/4/19,56.064999,57.494999,55.865002,57.41,56.930256,3966400
6/5/19,58.174999,58.43,57.334999,58.400002,57.911987,3481800
6/6/19,58.535,59.485001,58.25,59.169998,58.675545,3773800
6/7/19,59.645,60.849998,59.560001,60.325001,59.820896,3899200
6/10/19,61.07,61.68,60.860001,60.915001,60.405968,3681400
6/11/19,61.755001,61.924999,60.575001,60.869999,60.361347,2949400
6/12/19,60.755001,61.009998,60.404999,60.654999,60.14814,1942600
6/13/19,61.064999,61.294998,60.73,61.185001,60.673714,2141000
6/14/19,60.98,61.264999,60.639999,60.970001,60.46051,1375600
6/17/19,61.09,61.384998,60.945,61.064999,60.55471,1614000
6/18/19,61.860001,62.799999,61.709999,62.240002,61.719894,2862600
6/19/19,62.360001,62.814999,61.895,62.599998,62.076885,2066000
6/20/19,63.834999,63.939999,62.799999,63.740002,63.207363,2149000
6/21/19,63.610001,64.220001,63.459999,63.580002,63.048698,2345200
6/24/19,63.639999,63.790001,63.330002,63.419998,62.890034,1641000
6/25/19,63.290001,63.290001,61.974998,62.02,61.630985,2421200
6/26/19,62.435001,62.674999,61.834999,61.865002,61.476955,1855400
6/27/19,62.235001,62.544998,62.064999,62.34,61.948975,1732600
6/28/19,62.764999,63.18,62.535,63.005001,62.609802,2044200
7/1/19,64.504997,64.605003,63.505001,64.050003,63.648251,3553400
7/2/19,64.035004,64.415001,63.634998,64.394997,63.991077,2049000
7/3/19,64.720001,65.404999,64.629997,65.389999,64.979836,1877400
7/5/19,64.809998,65.324997,64.18,65.230003,64.820847,2628400
7/8/19,64.605003,64.760002,64.264999,64.504997,64.100388,2406200
7/9/19,63.955002,64.82,63.939999,64.714996,64.309074,1606400
7/10/19,65.199997,65.730003,64.934998,65.264999,64.855629,2382000
7/11/19,65.595001,65.695,65.095001,65.555,65.143806,2109600
7/12/19,65.805,66.190002,65.665001,66.165001,65.749977,1526800
7/15/19,66.360001,66.364998,65.959999,66.199997,65.784767,1496000
7/16/19,66.150002,66.230003,65.605003,65.75,65.337593,1808400
7/17/19,65.730003,65.794998,64.845001,64.845001,64.438263,1998600
7/18/19,64.595001,65.489998,64.379997,65.32,64.910286,2730400
7/19/19,65.839996,65.904999,64.489998,64.574997,64.169952,2803000
7/22/19,64.764999,65.144997,64.519997,64.885002,64.478012,1621800
7/23/19,65.415001,65.809998,65.029999,65.800003,65.387276,1612400
7/24/19,65.449997,66.400002,65.394997,66.400002,65.983513,1932600
7/25/19,66.205002,66.205002,65.375,65.764999,65.352486,2175400
7/26/19,66.105003,66.730003,66.050003,66.639999,66.222,2004600
7/29/19,66.57,66.595001,66.120003,66.419998,66.003387,1523800
7/30/19,65.699997,66.254997,65.535004,66.089996,65.675453,1784400
7/31/19,66.165001,66.260002,63.650002,64.589996,64.18486,5472600
8/1/19,64.654999,66.074997,63.080002,63.439999,63.042076,6162600
8/2/19,63.029999,63.125,61.755001,62.619999,62.227222,4930800
8/5/19,60.57,60.610001,57.834999,58.860001,58.490803,7020400
8/6/19,59.595001,60.474998,58.915001,60.389999,60.011208,4893400
8/7/19,58.935001,60.779999,57.965,60.424999,60.045982,6944000
8/8/19,61.125,62.759998,60.869999,62.735001,62.341496,3370000
8/9/19,62.349998,62.625,61.095001,61.924999,61.536575,5021600
8/12/19,61.189999,61.470001,59.959999,60.435001,60.055923,2735400
8/13/19,60.255001,62.965,60.115002,62.25,61.859535,5635200
8/14/19,60.380001,60.66,58.540001,58.605,58.2374,5981400
8/15/19,58.990002,59.299999,57.965,58.919998,58.550423,5596000
8/16/19,59.645,60.825001,59.625,60.645,60.264606,3941600
8/19/19,62.040001,62.395,61.720001,62.110001,61.720417,2609400
8/20/19,61.849998,62.084999,61.060001,61.125,60.741596,2488600
8/21/19,62.130001,62.285,61.794998,62.09,61.700542,1840200
8/22/19,62.424999,62.724998,61.235001,62.035,61.645885,2749400
8/23/19,61.450001,62.215,58.279999,58.834999,58.465958,6428800
8/26/19,59.860001,60.130001,59.16,60.125,59.747868,3304600
8/27/19,60.805,60.970001,59.34,59.650002,59.275848,2849400
8/28/19,59.345001,60.584999,59,60.485001,60.105606,3118400
8/29/19,61.695,62.279999,61.220001,62.040001,61.650856,3507400
8/30/19,62.73,62.740002,61.544998,61.98,61.591228,2781600
9/3/19,61.185001,61.595001,60.610001,61.255001,60.870781,3181600
9/4/19,62.275002,62.639999,61.889999,62.610001,62.217281,2094600
9/5/19,63.799999,64.654999,63.740002,64.25,63.846992,2271000
9/6/19,64.415001,64.629997,64.084999,64.334999,63.931461,2559800
9/9/19,64.809998,64.834999,63.945,64.379997,63.976181,1342600
9/10/19,64,64.389999,63.415001,64.389999,63.986115,1418800
9/11/19,64.495003,65.290001,64.214996,65.269997,64.860588,2558800
9/12/19,65.675003,66.205002,65.324997,65.724998,65.312744,2611400
9/13/19,65.910004,66.065002,65.425003,65.610001,65.198456,1163400
9/16/19,65.029999,65.379997,64.870003,65.199997,64.791039,1542200
9/17/19,65.055,65.550003,65.014999,65.510002,65.099098,1146400
9/18/19,65.32,65.629997,64.330002,65.605003,65.193504,2830600
9/19/19,65.75,66.254997,65.404999,65.565002,65.153755,2610600
9/20/19,65.855003,65.970001,64.565002,64.889999,64.482971,2761400
9/23/19,64.599998,65.230003,64.5,64.904999,64.497879,1799800
9/24/19,65.425003,65.595001,63.415001,63.869999,63.469376,4388000
9/25/19,63.884998,64.834999,63.195,64.589996,64.18486,2989400
9/26/19,64.635002,64.714996,63.665001,64.355003,63.951336,3949400
9/27/19,64.705002,64.75,62.900002,63.645,63.245789,3547000
9/30/19,63.865002,64.555,63.855,64.224998,63.822147,1985200
10/1/19,64.635002,64.940002,62.580002,62.700001,62.306717,3434800
10/2/19,61.939999,61.939999,59.865002,60.494999,60.115547,6098000
10/3/19,60.345001,61.424999,59.110001,61.419998,61.034748,6316400
10/4/19,61.759998,63.205002,61.75,63.075001,62.679363,4278600
10/7/19,62.709999,63.48,62.419998,62.560001,62.167595,3228400
10/8/19,61.66,62.014999,60.599998,60.605,60.224857,5099000
10/9/19,61.529999,62.174999,61.235001,61.705002,61.317959,3507800
10/10/19,61.669998,62.974998,61.610001,62.544998,62.152683,3530400
10/11/19,63.849998,64.900002,63.790001,63.865002,63.464405,4339800
10/14/19,63.700001,64.004997,63.555,63.75,63.350132,1751000
10/15/19,64.184998,65.32,64.154999,64.980003,64.572418,2741800
10/16/19,64.724998,65.065002,64.540001,64.760002,64.353806,1747800
10/17/19,65.300003,65.540001,64.794998,65.095001,64.686699,2153400
10/18/19,64.875,65.169998,64.110001,64.540001,64.135185,2466200
10/21/19,65.18,65.5,64.959999,65.455002,65.044441,1666000
10/22/19,65.684998,65.785004,64.919998,64.970001,64.562485,2235600
10/23/19,64.855003,65.379997,64.754997,65.355003,64.945076,1359200
10/24/19,65.794998,65.839996,65.165001,65.580002,65.168655,1541600
10/25/19,65.294998,66.355003,65.269997,66.114998,65.700294,2230400
10/28/19,66.650002,67.065002,66.650002,66.860001,66.440628,1858800
10/29/19,66.684998,67.220001,66.625,66.785004,66.366096,2330400
10/30/19,66.885002,67.370003,66.220001,67.205002,66.783463,2940800
10/31/19,67.144997,67.144997,66.099998,66.794998,66.37603,2936800
11/1/19,67.480003,68.080002,67.389999,68.080002,67.652969,2515600
11/4/19,68.794998,68.860001,68.404999,68.559998,68.129967,3042800
11/5/19,68.654999,68.82,68.285004,68.415001,67.985878,1534000
11/6/19,68.425003,68.565002,67.980003,68.459999,68.030586,2186200
11/7/19,69.065002,69.474998,68.68,68.925003,68.492683,2315800
11/8/19,68.745003,69.260002,68.389999,69.260002,68.825569,1514800
11/11/19,68.584999,69.059998,68.5,68.989998,68.557259,1036400
11/12/19,69.139999,69.709999,68.875,69.235001,68.80072,3060000
11/13/19,68.769997,69.485001,68.644997,69.290001,68.85537,2258000
11/14/19,69.129997,69.519997,68.839996,69.474998,69.039215,1899400
11/15/19,70.114998,70.495003,69.830002,70.489998,70.047844,1835200
11/18/19,70.360001,70.699997,70.144997,70.565002,70.122383,1593800
11/19/19,70.885002,70.885002,70.214996,70.5,70.057793,1391600
11/20/19,70.239998,70.480003,69.224998,70.010002,69.570862,2674400
11/21/19,70.019997,70.084999,69.375,69.779999,69.342308,1340000
11/22/19,70.129997,70.184998,69.57,70.065002,69.625519,1533200
11/25/19,70.519997,71.150002,70.519997,71.135002,70.688812,2308200
11/26/19,71.18,71.550003,71,71.464996,71.016731,1128800
11/27/19,71.720001,72.080002,71.580002,72.080002,71.627884,1199600
11/29/19,71.794998,71.925003,71.43,71.514999,71.066422,1151800
12/2/19,71.660004,71.660004,70.110001,70.324997,69.883881,3285000
12/3/19,68.949997,69.404999,68.269997,69.345001,68.910027,4344200
12/4/19,69.864998,70.510002,69.714996,70.230003,69.78949,1897800
12/5/19,70.544998,70.550003,69.815002,70.470001,70.027977,3166600
12/6/19,71.410004,71.949997,71.410004,71.724998,71.275101,1842200
12/9/19,71.535004,71.870003,71.254997,71.300003,70.852776,1538600
12/10/19,71.245003,71.584999,70.800003,71.105003,70.659004,2274400
12/11/19,71.334999,71.639999,71.144997,71.510002,71.061455,2638200
12/12/19,71.495003,73.129997,71.394997,72.724998,72.268837,5541400
12/13/19,72.620003,73.440002,72.205002,72.815002,72.358276,4172600
12/16/19,73.684998,74.114998,73.669998,73.809998,73.347023,1733000
12/17/19,74.035004,74.154999,73.809998,73.834999,73.371872,1258800
12/18/19,74.029999,74.154999,73.834999,73.849998,73.386772,1270600
12/19/19,73.910004,74.480003,73.904999,74.434998,73.968109,1749600
12/20/19,74.959999,75.415001,74.934998,75.190002,74.718376,2645200
12/23/19,75.485001,75.495003,75.235001,75.309998,74.837616,1674600
12/24/19,75.279999,75.305,75.019997,75.184998,74.847076,1112000
12/26/19,75.345001,75.940002,75.345001,75.925003,75.583763,1382800
12/27/19,76.334999,76.339996,75.644997,75.894997,75.553879,2092200
12/30/19,75.925003,75.974998,74.815002,75.084999,74.747528,3724200
12/31/19,74.775002,75.529999,74.605003,75.419998,75.081024,3278800
1/2/20,76.199997,76.794998,75.714996,76.775002,76.429932,2690600
1/3/20,75.029999,76.220001,75.010002,75.635002,75.295059,3287600
1/6/20,74.724998,76.245003,74.684998,76.205002,75.862495,3230400
1/7/20,75.915001,76.160004,75.535004,75.760002,75.419495,1883000
1/8/20,75.889999,77.195,75.730003,76.529999,76.186028,3801200
1/9/20,77.379997,77.635002,77.074997,77.580002,77.231316,1730000
1/10/20,77.940002,77.980003,76.904999,77.125,76.778358,2143000
1/13/20,77.474998,78.195,77.239998,78.175003,77.823639,1922400
1/14/20,77.970001,78.5,77.684998,77.949997,77.599648,3361600
1/15/20,77.910004,78.699997,77.855003,78.269997,77.918205,2827400
1/16/20,78.995003,79.57,78.889999,79.559998,79.202408,2153200
1/17/20,79.955002,80.169998,79.644997,80.110001,79.749931,2274800
1/21/20,79.535004,80.160004,79.525002,79.739998,79.381599,2365400
1/22/20,80.199997,80.535004,79.690002,79.790001,79.431374,2090800
1/23/20,79.404999,80.025002,78.809998,79.93,79.570755,3283800
1/24/20,80.300003,80.305,77.834999,78.464996,78.112335,6623200
1/27/20,75.75,76.735001,75.565002,75.970001,75.628548,5067800
1/28/20,76.68,78.004997,76.470001,77.555,77.206429,3507000
1/29/20,78.260002,78.375,77.324997,77.434998,77.086967,3989600
1/30/20,76.315002,78.019997,75.955002,77.875,77.524979,6439800
1/31/20,77.580002,77.639999,74.610001,75.089996,74.752502,9167800
2/3/20,75.830002,77.144997,75.800003,76.209999,75.867462,4511200
2/4/20,78.044998,78.949997,77.875,78.510002,78.157135,2595200
2/5/20,80.035004,80.415001,79.275002,80.315002,79.954025,3521400
2/6/20,80.800003,80.949997,80.269997,80.860001,80.496574,1688600
2/7/20,80.290001,80.660004,79.695,79.974998,79.615547,2363000
2/10/20,79.480003,81.18,79.480003,81.18,80.815132,1894800
2/11/20,81.885002,82.285004,81.18,81.43,81.064003,3539800
2/12/20,82.199997,82.595001,82.004997,82.470001,82.099335,2259000
2/13/20,81.684998,82.805,81.559998,82.290001,81.920135,3437400
2/14/20,82.480003,82.595001,81.879997,82.529999,82.159058,3806200
2/18/20,82,82.305,81.364998,82.099998,81.730995,3789600
2/19/20,82.614998,83.25,82.474998,82.860001,82.487579,1376400
2/20/20,82.565002,83.004997,80.605003,82.195,81.825569,5192800
2/21/20,81.449997,81.614998,80.044998,80.455002,80.093391,3951400
2/24/20,75.43,76.760002,74.419998,75,74.66291,7806800
2/25/20,75.839996,76.135002,70.110001,70.584999,70.267746,10893800
2/26/20,71.195,73.014999,69.665001,70.050003,69.735153,11369400
2/27/20,67.245003,69.18,63.715,63.735001,63.448536,14203200
2/28/20,59.889999,63.48,58.57,63.48,63.194687,13920400
3/2/20,63.814999,68.654999,62.400002,68.614998,68.30661,9883400
3/3/20,68.845001,70.735001,63.505001,64.754997,64.463959,12665400
3/4/20,67.209999,70.214996,66.050003,70.120003,69.804855,6980600
3/5/20,66.589996,68.125,64.245003,65.434998,65.1409,8036600
3/6/20,61.389999,63.825001,60.130001,63.305,63.02047,11967200
3/9/20,54.09,57.595001,53.040001,53.450001,53.20977,8642000
3/10/20,57.455002,58.945,53.09,58.93,58.665138,11256800
3/11/20,55.724998,56.445,51.75,53.080002,52.841427,8138800
3/12/20,45.959999,50.169998,42.875,42.945,42.751984,15135600
3/13/20,48.325001,50.904999,43.470001,50.860001,50.631405,13657200
3/16/20,39.810001,45.59,38.165001,38.98,38.804806,11772000
3/17/20,40.830002,44.415001,38.25,43.825001,43.628033,11408200
3/18/20,37.91,41.02,34.855,39.330002,39.153233,13277600
3/19/20,38.549999,41.305,36.389999,39.305,39.128342,11550400
3/20/20,40.185001,40.84,35.610001,35.740002,35.579369,10652600
3/23/20,35.525002,35.884998,32.415001,33.689999,33.538578,11208600
3/24/20,37.470001,40.25,37.16,40.055,39.874966,10096800
3/25/20,40.445,44.18,38.755001,41.080002,40.996693,11821800
3/26/20,41.889999,46.375,41.845001,45.919998,45.826874,9203000
3/27/20,43.049999,45.695,42.255001,43.080002,42.992638,10186600
3/30/20,43.900002,46.130001,43.150002,45.884998,45.791946,7176200
3/31/20,45.5,46.48,43.970001,44.455002,44.364849,6537400
4/1/20,41.134998,42.334999,39.735001,40.455002,40.372959,7341800
4/2/20,40.189999,42.66,40,42.355,42.269104,7526000
4/3/20,42.02,42.855,40.174999,41.145,41.061558,8409200
4/6/20,44.360001,47.360001,43.985001,46.705002,46.610287,7082200
4/7/20,49.959999,50.264999,46.654999,46.75,46.655193,12834800
4/8/20,47.735001,50.355,46.889999,49.895,49.793816,8884600
4/9/20,51.150002,52.485001,50.41,51.380001,51.275803,9704400
4/13/20,50.990002,51.075001,48.875,50.43,50.327732,8948800
4/14/20,52.404999,53.73,51.990002,53.445,53.336617,7585600
4/15/20,51.075001,51.825001,50.279999,51.150002,51.046268,6354000
4/16/20,51.654999,51.965,50.41,51.674999,51.570206,8600200
4/17/20,53.950001,54.669998,52.855,54.439999,54.329601,8610000
4/20/20,52.889999,54.285,52.419998,52.514999,52.408504,8686400
4/21/20,50.685001,51.18,48.939999,49.27,49.170082,10860000
4/22/20,51.200001,52.18,50.705002,51.505001,51.400555,6856600
4/23/20,52.009998,53.264999,51.375,51.474998,51.370609,10621000
4/24/20,52.09,53.174999,51.27,52.950001,52.842617,8743800
4/27/20,53.705002,54.889999,53.540001,54.470001,54.359539,5154000
4/28/20,55.965,56.09,53.814999,53.939999,53.830612,11184400
4/29/20,56.150002,57.389999,55.715,56.755001,56.639904,8042600
4/30/20,56.169998,56.375,54.959999,55.650002,55.537148,12714200
5/1/20,53.68,53.98,52.259998,52.705002,52.598118,10049000
5/4/20,51.955002,53.139999,51.375,53.044998,52.937428,6311800
5/5/20,54.169998,55.134998,53.830002,54.005001,53.895481,7783000
5/6/20,54.705002,54.849998,53.25,53.264999,53.156982,9360000
5/7/20,54.555,55.330002,54.349998,54.540001,54.429398,6734600
5/8/20,55.845001,56.505001,55.375,56.345001,56.230736,3870200
5/11/20,55.540001,56.950001,55.360001,56.389999,56.275646,4076400
5/12/20,56.849998,57.029999,54.055,54.07,53.96035,5125800
5/13/20,53.884998,54.290001,51.200001,52.189999,52.08416,14700000
5/14/20,51.189999,53.474998,50.25,53.455002,53.346596,10151600
5/15/20,52.485001,53.939999,52.075001,53.935001,53.825626,6303200
5/18/20,56.485001,57.855,56.355,57.23,57.113941,6189600
5/19/20,56.974998,57.674999,56.035,56.060001,55.946316,6119000
5/20/20,57.52,58.305,57.435001,57.939999,57.822498,5672000
5/21/20,57.884998,58.220001,56.665001,57.080002,56.964249,6726600
5/22/20,57.02,57.419998,56.490002,57.32,57.203758,6173600
5/26/20,59.880001,59.950001,58.615002,58.794998,58.675766,5863800
5/27/20,59.965,60.514999,57.900002,60.485001,60.362339,8019400
5/28/20,60.974998,61.82,59.994999,60.285,60.162743,7720800
5/29/20,60.09,61.064999,58.924999,60.744999,60.621811,11075000
6/1/20,60.52,61.560001,60.305,61.305,61.180676,5014000
6/2/20,61.705002,62.325001,61.125,62.32,62.193619,4418600
6/3/20,63.195,64.400002,63.075001,63.990002,63.860233,4631000
6/4/20,63.505001,64.315002,62.705002,63.595001,63.46603,4651200
6/5/20,66.084999,67.699997,66.029999,66.885002,66.749359,5871000
6/8/20,67.324997,68.589996,67.025002,68.555,68.415977,4130400
6/9/20,67.264999,68.160004,66.894997,67.510002,67.373093,4763600
6/10/20,67.764999,68.165001,66.43,66.724998,66.589676,10782400
6/11/20,63.535,63.830002,58.775002,59.005001,58.885342,10162200
6/12/20,62,62.34,58.220001,60.465,60.342381,14279600
6/15/20,57.935001,62.02,57.435001,61.540001,61.415199,9018600
6/16/20,64.949997,65,61.814999,63.915001,63.785381,7588000
6/17/20,64.375,64.510002,63.099998,63.380001,63.251472,4317600
6/18/20,62.709999,63.650002,62.529999,63.415001,63.286396,3143800
6/19/20,64.980003,65.040001,62.125,62.669998,62.542908,5643400
6/22/20,62.445,63.68,61.955002,63.549999,63.421124,3689400
6/23/20,64.684998,65.099998,63.924999,64.074997,63.945057,3263600
6/24/20,63.185001,63.459999,60.009998,60.84,60.716621,7030000
6/25/20,60.57,62.235001,59.705002,62.080002,61.954109,4567600
6/26/20,61.645,61.720001,58.939999,59.185001,59.064976,5908000
6/29/20,59.709999,60.915001,58.720001,60.900002,60.776501,3229400
6/30/20,60.695,63.189999,60.695,62.540001,62.413174,3858000
7/1/20,62.945,63.865002,62.740002,63.334999,63.206558,4462600
7/2/20,64.855003,65.445,63.73,64,63.870213,3654000
7/6/20,65.739998,66.150002,65.389999,65.980003,65.846199,4437400
7/7/20,65.300003,66.175003,64.470001,64.599998,64.468994,3258400
7/8/20,64.970001,65.68,64.18,65.599998,65.466972,3248400
7/9/20,65.889999,65.985001,63.330002,64.860001,64.72847,4711400
7/10/20,64.82,66.294998,64.209999,66.190002,66.055771,3616800
7/13/20,67.245003,68.315002,64.724998,65.07,64.938042,5748200
7/14/20,64.400002,66.870003,63.860001,66.705002,66.569725,4710000
7/15/20,68.199997,68.440002,66.860001,67.980003,67.842148,4813200
7/16/20,67.084999,67.690002,66.779999,67.514999,67.378082,2931200
7/17/20,67.955002,68.239998,67.074997,67.855003,67.717392,2091600
7/20/20,67.754997,69.275002,67.440002,69,68.860077,2391200
7/21/20,69.875,70.074997,68.830002,69.235001,69.094597,3261800
7/22/20,69.105003,70.160004,69.050003,70.019997,69.878006,2128200
7/23/20,69.885002,70.199997,67.745003,68.389999,68.251312,4203800
7/24/20,67.529999,67.955002,66.805,67.495003,67.358124,2904400
7/27/20,67.82,68.550003,67.464996,68.445,68.306198,1931400
7/28/20,68.139999,68.629997,67.480003,67.610001,67.472893,1745400
7/29/20,68.010002,69.519997,67.989998,69.235001,69.094597,1532600
7/30/20,67.885002,68.945,66.919998,68.754997,68.615562,3258600
7/31/20,69.599998,69.889999,67.660004,69.849998,69.708351,3847600
8/3/20,70.629997,71.169998,70.379997,70.815002,70.671394,3401600
8/4/20,70.425003,71.349998,70.425003,71.339996,71.195328,1657600
8/5/20,71.980003,72.375,71.864998,72.239998,72.093506,1872800
8/6/20,71.985001,73.275002,71.815002,73.205002,73.056541,1978200
8/7/20,72.75,73.375,72.32,73.290001,73.141373,2374400
8/10/20,73.514999,73.830002,72.614998,73.724998,73.575485,1750800
8/11/20,74.330002,74.605003,72.190002,72.525002,72.377922,2936200
8/12/20,73.660004,74.910004,73.660004,74.519997,74.368881,2726800
8/13/20,74.150002,74.904999,73.830002,74.275002,74.124374,1557400
8/14/20,74.074997,74.544998,73.800003,74.269997,74.119385,1738800
8/17/20,74.745003,74.949997,74.559998,74.739998,74.588432,1501200
8/18/20,74.919998,75.269997,74.199997,75.029999,74.877838,1388000
8/19/20,75.25,75.489998,74.169998,74.459999,74.308998,1677000
8/20/20,73.620003,75.099998,73.559998,74.900002,74.748108,1147800
8/21/20,74.75,75.519997,74.580002,75.400002,75.247101,1408200
8/24/20,76.610001,76.989998,76.129997,76.959999,76.803925,1542800
8/25/20,77.25,77.529999,76.669998,77.5,77.342834,2343200
8/26/20,77.790001,79.160004,77.519997,79.040001,78.879715,1178400
8/27/20,79.459999,80.089996,78.580002,79.389999,79.228996,1734100
8/28/20,79.889999,80.480003,79.309998,80.379997,80.216995,1066100
8/31/20,80.290001,80.739998,79.730003,79.830002,79.668106,1392600
9/1/20,80.220001,81.370003,79.809998,81.309998,81.145103,1994500
9/2/20,82.300003,84.160004,81.720001,83.660004,83.490349,2280400
9/3/20,82.800003,83.050003,76.599998,77.919998,77.761986,5870800
9/4/20,78.230003,78.989998,73.139999,76.610001,76.454636,5620500
9/8/20,73.980003,74.550003,72.269997,72.43,72.283112,6919900
9/9/20,74.330002,76.449997,73.910004,75.290001,75.137321,3718900
9/10/20,76.160004,76.489998,72.199997,72.639999,72.492691,3535200
9/11/20,73.480003,73.980003,71.379997,72.709999,72.562546,2581500
9/14/20,74.230003,75.440002,73.989998,74.599998,74.448715,1667900
9/15/20,75.790001,76.209999,74.900002,75.389999,75.237106,1966100
9/16/20,76.029999,76.68,74.669998,74.779999,74.628349,1898800
9/17/20,72.440002,74.290001,72.209999,73.510002,73.360924,2845300
9/18/20,73.870003,73.900002,70.610001,71.779999,71.634438,2836700
9/21/20,69.650002,70.220001,67.900002,70.18,70.037682,3818300
9/22/20,70.870003,71.860001,69.699997,71.599998,71.454803,2038000
9/23/20,71.860001,71.980003,68.040001,68.269997,68.131554,2628900
9/24/20,67.669998,70.029999,67.07,68.629997,68.490822,2450700
9/25/20,68.25,71.190002,67.839996,70.839996,70.696335,1604900
9/28/20,72.790001,73.529999,72.330002,73.220001,73.071518,2019800
9/29/20,73.110001,73.449997,72.07,72.43,72.283112,1766900
9/30/20,72.739998,74.980003,72.650002,73.470001,73.321007,5533200
10/1/20,74.699997,75.129997,73.559998,74.449997,74.299011,2202200
10/2/20,72.089996,73.919998,71.839996,73,72.851959,2598100
10/5/20,73.980003,75.669998,73.980003,75.589996,75.436699,1656400
10/6/20,75.68,76.660004,73.209999,73.43,73.281082,3777500
10/7/20,74.830002,76.370003,74.830002,75.989998,75.835892,1803300
10/8/20,76.910004,77.360001,76.489998,77.32,77.1632,1533400
10/9/20,78.139999,78.940002,77.849998,78.730003,78.570343,2241600
10/12/20,79.980003,81.970001,79.739998,81.25,81.08522,1894900
10/13/20,81.160004,81.199997,79.709999,80.169998,80.007416,1883100
10/14/20,80.470001,81,78.809998,79.209999,79.049362,1876100
10/15/20,77.25,79.199997,77,78.959999,78.799873,2360300
10/16/20,79.639999,80.449997,78.809998,78.879997,78.720032,2177800
10/19/20,79.489998,79.769997,76.050003,76.459999,76.304947,2904100
10/20/20,77.110001,78.650002,76.760002,77.050003,76.893745,2819800
10/21/20,77.059998,78.099998,76.629997,76.769997,76.614311,2462800
10/22/20,76.900002,77.919998,75.860001,77.629997,77.472565,2403800
10/23/20,78.25,78.25,76.970001,78.120003,77.961586,1506700
10/26/20,76.510002,76.879997,73.57,75.269997,75.117348,4427200
10/27/20,75.419998,75.57,74.629997,74.730003,74.578453,2001300
10/28/20,72.019997,72.339996,69.400002,69.650002,69.508759,6059600
10/29/20,69.739998,72.449997,68.959999,71.040001,70.895935,4033000
10/30/20,70.269997,70.879997,67.849998,69.519997,69.379021,4621000
11/2/20,71.099998,72,69.830002,71.089996,70.945824,2536800
11/3/20,72.589996,74.540001,72.379997,73.580002,73.430786,2723400
11/4/20,75.699997,78.82,75.169998,76.870003,76.714119,5080200
11/5/20,79.449997,80.760002,79.269997,79.879997,79.718002,3838600
11/6/20,79.739998,80.449997,78.699997,79.870003,79.708031,2566000
11/9/20,86.169998,86.309998,81.610001,81.870003,81.703972,7104400
11/10/20,81.32,82.110001,80.010002,81.599998,81.434517,2622800
11/11/20,82.699997,83.220001,82.080002,82.800003,82.632088,1297000
11/12/20,82.309998,82.68,80.290001,81.220001,81.05529,2156400
11/13/20,82.139999,83.809998,81.879997,83.459999,83.290749,1537300
11/16/20,84.800003,85.529999,84.139999,85.5,85.326614,1780800
11/17/20,84.309998,85.230003,83.559998,84.629997,84.458366,1702200
11/18/20,84.720001,85.010002,82.540001,82.540001,82.37262,1739500
11/19/20,82.230003,83.440002,81.57,83.209999,83.041252,1684700
11/20/20,83.110001,83.199997,82.059998,82.089996,81.923523,926800
11/23/20,83.010002,83.669998,81.879997,83.099998,82.93148,1263600
11/24/20,84.339996,86.010002,83.949997,85.739998,85.566124,1692300
11/25/20,85.709999,85.709999,84.919998,85.489998,85.316635,1029500
11/27/20,86.040001,86.169998,85.449997,85.959999,85.785675,583000
11/30/20,85.559998,85.68,83.839996,85.169998,84.997276,1933700
12/1/20,86.830002,87.809998,86.540001,87.040001,86.863487,1952700
12/2/20,86.480003,87.470001,86.169998,87.389999,87.212784,1753900
12/3/20,87.339996,88.07,86.800003,87.349998,87.172859,1024800
12/4/20,87.639999,88.849998,87.639999,88.839996,88.659828,847700
12/7/20,88.470001,88.720001,87.849998,88.510002,88.330505,1243400
12/8/20,87.809998,89.300003,87.790001,88.980003,88.799561,833400
12/9/20,89.349998,89.419998,86.949997,87.400002,87.222763,2637800
12/10/20,86.660004,87.839996,86.25,87.349998,87.172859,1920500
12/11/20,86.449997,87.239998,85.68,87.089996,86.913383,1720400
12/14/20,88.25,88.779999,86.230003,86.330002,86.15493,2361600
12/15/20,87.660004,88.68,86.940002,88.650002,88.47023,1706500
12/16/20,88.809998,89.419998,88.339996,88.940002,88.759636,1617200
12/17/20,89.790001,90.040001,89.379997,89.959999,89.777565,1220100
12/18/20,90.110001,90.169998,88.18,89.330002,89.148849,3942900
12/21/20,87.160004,89.040001,85.769997,88.599998,88.420319,3475500
12/22/20,88.720001,88.800003,87.709999,88.279999,88.100967,1821400
12/23/20,88.660004,89.32,88.25,88.32,88.224838,1739000
12/24/20,88.559998,89.019997,88.290001,89,88.904106,484700
12/28/20,90.360001,90.75,89.989998,90.550003,90.452446,1082000
12/29/20,91.309998,91.419998,89.889999,90.230003,90.13279,2848200
12/30/20,90.599998,90.949997,90.260002,90.440002,90.34256,927700
12/31/20,90.370003,91.709999,90.07,91.349998,91.251579,1771000
1/4/21,92.029999,92.099998,86.910004,88.860001,88.764259,4448000
1/5/21,88.480003,90.620003,88.480003,90.059998,89.962959,2129400
1/6/21,89.260002,92.809998,88.980003,91.150002,91.051796,3643200
1/7/21,92.400002,94.220001,92.300003,93.830002,93.728905,2234800
1/8/21,94.57,95,92.839996,94.93,94.827721,1848400
1/11/21,93.220001,94.550003,93.139999,93.629997,93.529121,2183400
1/12/21,93.739998,94.190002,92.480003,93.639999,93.539108,1605900
1/13/21,93.639999,94.68,93.199997,94.169998,94.068535,1185300
1/14/21,94.559998,94.809998,93.32,93.470001,93.369293,1127900
1/15/21,92.620003,93.010002,91.160004,92.110001,92.010757,1519700
1/19/21,93.400002,93.839996,92.639999,93.57,93.469185,1289400
1/20/21,94.760002,96.580002,94.580002,96.129997,96.026421,1399300
1/21/21,96.449997,96.669998,95.830002,96.32,96.216217,1322600
1/22/21,95.279999,96.220001,95.150002,95.620003,95.516975,1420200
1/25/21,96.019997,96.550003,93.43,96.360001,96.256172,1932600
1/26/21,96.860001,97.07,95.959999,96.07,95.966492,1008200
1/27/21,94.260002,94.300003,90.160004,91.349998,91.251579,3549300
1/28/21,92.309998,95,92.120003,92.860001,92.759949,2149300
1/29/21,91.940002,92.43,88.309998,89.25,89.153839,3262800
2/1/21,90.940002,92.690002,89.830002,92.139999,92.040726,2112200
2/2/21,93.830002,95.589996,93.800003,94.760002,94.657898,1686100
2/3/21,95.239998,95.82,94.230003,94.940002,94.837708,1374100
2/4/21,95.489998,97.080002,95.389999,97.080002,96.975403,1051900
2/5/21,98.099998,98.190002,97.230003,97.82,97.7146,1395000
2/8/21,98.629997,99.269997,98.160004,99.230003,99.123093,1199200
2/9/21,98.760002,99.43,98.550003,99.07,98.963257,997700
2/10/21,100.019997,100.129997,97.730003,99.040001,98.933289,1614300
2/11/21,99.620003,99.82,98,99.349998,99.242958,1089100
2/12/21,98.849998,100.43,98.849998,100.339996,100.23188,1066500
2/16/21,100.970001,101.07,99.739998,100.160004,100.052086,1363100
2/17/21,99.129997,100.290001,98.599998,100.220001,100.112015,1382400
2/18/21,98.699997,99.699997,97.790001,99.339996,99.232964,1448000
2/19/21,99.959999,100.120003,98.699997,98.900002,98.793442,1605600
2/22/21,97.449997,98.730003,97.269997,97.470001,97.364983,1733300
2/23/21,96.169998,98.379997,93.970001,97.68,97.574753,3846700
2/24/21,97.029999,100.029999,96.550003,99.809998,99.702461,2602500
2/25/21,99.099998,99.830002,94.169998,95.019997,94.917618,3789700
2/26/21,95.989998,96.580002,92.93,93.970001,93.868759,3987400
3/1/21,96.57,99.209999,96.57,98.540001,98.43383,2147800
3/2/21,98.699997,98.779999,96.900002,97.010002,96.905479,2776900
3/3/21,96.629997,97.150002,94.389999,94.449997,94.348236,2914300
3/4/21,94.300003,95.690002,89.690002,92.099998,92.000763,4769200
3/5/21,93.919998,96.019997,90.099998,95.470001,95.367142,3427700
3/8/21,95.980003,97.480003,94.360001,94.529999,94.428146,3366900
3/9/21,96.540001,98.559998,96.300003,97.199997,97.095268,2710300
3/10/21,98.480003,99.32,97.709999,98.410004,98.30397,2450300
3/11/21,99.760002,101.480003,99.510002,100.43,100.321793,2430000
3/12/21,99.720001,100.75,99.199997,100.720001,100.611481,1742400
3/15/21,100.800003,102.010002,99.650002,101.93,101.820175,1478200
3/16/21,102.230003,102.559998,101.190002,101.68,101.570442,1698200
3/17/21,100.870003,102.739998,100.260002,102.260002,102.149818,1937000
3/18/21,100.870003,102.010002,98.949997,99.290001,99.183022,2239800
3/19/21,99.150002,99.980003,97.75,98.900002,98.793442,1970900
3/22/21,99.220001,101.25,99.190002,100.510002,100.401711,1525000
3/23/21,100.089996,100.870003,98.419998,98.870003,98.832306,1966900
3/24/21,99.610001,100.5,97.839996,97.879997,97.842674,1916100
3/25/21,97.019997,99.360001,96.010002,98.940002,98.902275,2778400
3/26/21,99.57,102.330002,99.239998,102.110001,102.071068,2545300
3/29/21,101.290001,102.510002,100.5,102.010002,101.971107,2578000
3/30/21,101.279999,101.82,100.589996,101.470001,101.431313,1778400
3/31/21,101.739998,103.139999,101.739998,102.309998,102.270988,1780000
4/1/21,103.32,104.529999,103.209999,104.449997,104.410172,2301500
4/5/21,105.989998,107.779999,105.93,107.449997,107.409027,2137900
4/6/21,107.139999,107.919998,106.980003,107.330002,107.289078,1446900
4/7/21,107.25,107.779999,107,107.589996,107.548973,1117100
4/8/21,108.279999,108.629997,107.769997,108.589996,108.548592,1184500
4/9/21,108.550003,110.260002,108.480003,110.169998,110.127991,1506000
4/12/21,109.82,110.410004,109.480003,110.269997,110.227951,1498300
4/13/21,110.160004,111.25,109.959999,110.879997,110.837723,1212900
4/14/21,110.860001,111.470001,109.809998,110.18,110.137993,1969900
4/15/21,111.339996,112.639999,111.339996,112.5,112.457108,1431800
4/16/21,113.25,113.589996,112.43,113.290001,113.246803,1447400
4/19/21,112.690002,112.949997,111.360001,112.190002,112.147224,1966800
4/20/21,111.379997,111.809998,109.650002,110.510002,110.467865,2140900
4/21/21,110.110001,112.690002,110.050003,112.57,112.527077,2885100
4/22/21,112.449997,112.919998,109.879997,110.540001,110.497856,2392500
4/23/21,110.830002,113.690002,110.779999,112.910004,112.866951,1923300
4/26/21,113.269997,113.68,113,113.389999,113.346764,1009400
4/27/21,113.5,113.629997,112.650002,113.32,113.276794,1168500
4/28/21,113.459999,114.07,112.959999,113.18,113.136848,1465200
4/29/21,114.800003,115,112.699997,114.650002,114.606285,3277800
4/30/21,113.300003,113.830002,112.639999,113.160004,113.116859,1797400
5/3/21,114.290001,114.519997,113.339996,113.620003,113.576683,1730800
5/4/21,112.449997,112.730003,110.080002,112.220001,112.177216,3712300
5/5/21,113.169998,113.300003,111.839996,112.269997,112.227188,2124900
5/6/21,112.300003,114.160004,111.160004,114.099998,114.056496,3096300
5/7/21,114.519997,116.110001,114.139999,115.690002,115.645889,1745900
5/10/21,115.910004,116.050003,113.370003,113.480003,113.436737,2399900
5/11/21,110.809998,111.970001,109.150002,111.470001,111.427498,3424300
5/12/21,109.779999,110.529999,106.330002,106.690002,106.649323,4071200
5/13/21,107.519997,110.290001,107.489998,109.220001,109.17836,4114000
5/14/21,110.739998,113.040001,110.739998,112.550003,112.507088,3408600
5/17/21,111.910004,112.419998,110.839996,112.019997,111.977287,2244200
5/18/21,112.07,112.25,109.970001,110.059998,110.018036,1990200
5/19/21,107.339996,109.550003,106.510002,109.510002,109.468246,3140000
5/20/21,109.949997,112.529999,109.900002,111.82,111.777367,2505200
5/21/21,112.690002,113.389999,111.370003,111.68,111.637421,2243800
5/24/21,112.919998,114.519997,112.779999,113.900002,113.856575,1652400
5/25/21,114.529999,114.730003,113.07,113.43,113.386749,2242200
5/26/21,113.730003,114.110001,113.129997,113.849998,113.806587,1533700
5/27/21,114.400002,114.720001,113.860001,113.919998,113.876564,998000
5/28/21,114.860001,115.010002,114.239998,114.389999,114.346382,1152400
6/1/21,115.720001,115.790001,113.889999,114.160004,114.116478,1475300
6/2/21,114.489998,114.980003,113.959999,114.559998,114.516319,1167600
6/3/21,113.099998,114.300003,112.290001,113.699997,113.656647,1922000
6/4/21,114.720001,115.889999,114.669998,115.730003,115.685875,1165200
6/7/21,115.699997,115.809998,114.940002,115.550003,115.505943,975700
6/8/21,115.970001,116.029999,114.470001,115.559998,115.515938,1070600
6/9/21,116.019997,116.050003,115.059998,115.18,115.136086,974700
6/10/21,115.879997,116.790001,115.129997,116.239998,116.195679,1132200
6/11/21,116.580002,116.690002,115.830002,116.639999,116.595528,713800
6/14/21,116.650002,117.209999,115.959999,117.209999,117.165306,603200
6/15/21,117.220001,117.239998,116.18,116.75,116.705482,2931200
6/16/21,116.82,116.889999,114.160004,115.419998,115.375992,2303300
6/17/21,115.099998,115.860001,113.860001,115.309998,115.266029,1877600
6/18/21,113.360001,113.779999,112.080002,112.230003,112.18721,2345900
6/21/21,113.209999,115.519997,112.739998,115.400002,115.356003,2310900
6/22/21,115.360001,117.07,114.940002,116.57,116.57,1180600
6/23/21,116.620003,117.089996,116.260002,116.300003,116.300003,1225800
6/24/21,117.559998,117.919998,117.410004,117.660004,117.660004,889000
6/25/21,118.120003,118.760002,117.940002,118.480003,118.480003,985600
6/28/21,118.790001,119.059998,118.089996,118.970001,118.970001,907000
6/29/21,119.190002,119.559998,118.790001,119.099998,119.099998,872600
6/30/21,118.809998,119.669998,118.809998,119.339996,119.339996,1142800
7/1/21,119.75,120.699997,119.690002,120.610001,120.610001,1029900
7/2/21,121.260002,122.639999,121.099998,122.470001,122.470001,1777800
7/6/21,122.43,122.580002,120.339996,121.989998,121.989998,1715300
7/7/21,122.410004,123,121.190002,122.849998,122.849998,1422000
7/8/21,119.589996,121.279999,118.900002,120.860001,120.860001,2948200
7/9/21,121.75,123.580002,121.610001,123.349998,123.349998,1716200
7/12/21,123.339996,124.43,123.099998,124.32,124.32,1151400
7/13/21,123.82,124.699997,123.279999,123.459999,123.459999,1546500
7/14/21,124.440002,124.730003,123.040001,123.769997,123.769997,1597800
7/15/21,122.980003,123.379997,121.790001,122.940002,122.940002,2330100
7/16/21,123.629997,123.660004,120.769997,121,121,2403000
7/19/21,118.080002,118.400002,115.739998,117.389999,117.389999,5568600
7/20/21,117.790001,121.5,117.339996,120.769997,120.769997,3094300
7/21/21,121.5,122.800003,121.389999,122.739998,122.739998,2258300
7/22/21,122.849998,123.370003,122.220001,123.290001,123.290001,1478800
7/23/21,124.400002,125.949997,124,125.720001,125.720001,1529600
7/26/21,125.400002,126.360001,125.379997,126.360001,126.360001,1427100
7/27/21,125.75,125.760002,123.489998,125.199997,125.199997,2797200
7/28/21,125.580002,125.93,124.25,125.089996,125.089996,2464600
7/29/21,125.690002,126.769997,125.690002,126.120003,126.120003,1228700
7/30/21,124.580002,125.790001,124.489998,124.910004,124.910004,1570700
8/2/21,125.900002,126.279999,124.209999,124.389999,124.389999,1962800
8/3/21,124.800003,126.449997,123.529999,126.400002,126.400002,1774100
8/4/21,125.620003,125.959999,125.010002,125.150002,125.150002,1149600
8/5/21,125.849998,126.760002,125.669998,126.739998,126.739998,849200
8/6/21,126.940002,127.389999,126.75,127.139999,127.139999,954600
8/9/21,127.129997,127.290001,126.449997,126.949997,126.949997,925000
8/10/21,127.18,127.669998,126.790001,127.199997,127.199997,986700
8/11/21,127.900002,127.93,127.199997,127.849998,127.849998,1498400
8/12/21,127.739998,128.690002,127.220001,128.570007,128.570007,810000
8/13/21,128.910004,129.100006,128.600006,129.070007,129.070007,1662100
8/16/21,128.25,129.75,127.309998,129.690002,129.690002,2363300
8/17/21,128.100006,128.490005,126.120003,128.020004,128.020004,2334500
8/18/21,127.349998,128.300003,125.019997,125.169998,125.169998,2489900
8/19/21,123.510002,126.260002,123.410004,125.480003,125.480003,3296200
8/20/21,125.790001,127.739998,125.470001,127.529999,127.529999,1686200
8/23/21,128.559998,130.330002,128.559998,129.779999,129.779999,1316300
8/24/21,130.160004,130.5,129.869995,130.160004,130.160004,1076000
8/25/21,130.320007,131.039993,130.080002,130.740005,130.740005,748900
8/26/21,130.619995,130.679993,129.130005,129.190002,129.190002,1820300
8/27/21,129.690002,131.699997,129.639999,131.460007,131.460007,1854800
8/30/21,131.880005,133.119995,131.75,132.619995,132.619995,1258900
8/31/21,132.550003,132.779999,131.869995,132.309998,132.309998,1763600
9/1/21,132.809998,133.139999,132.229996,132.380005,132.380005,1402900
9/2/21,133.240005,133.669998,132.429993,133.169998,133.169998,929800
9/3/21,132.5,133.419998,132.210007,133.119995,133.119995,1260500
9/7/21,132.850006,132.919998,131.720001,132.160004,132.160004,1238000
9/8/21,131.809998,132.259995,130.619995,131.850006,131.850006,1511400
9/9/21,131.660004,132.770004,130.520004,130.669998,130.669998,1617600
9/10/21,131.889999,132.119995,128.529999,128.660004,128.660004,2327800
9/13/21,130.460007,130.570007,127.830002,129.210007,129.210007,3810200
9/14/21,130.119995,130.25,127.300003,127.860001,127.860001,2808400
9/15/21,128.059998,130.279999,127.419998,129.940002,129.940002,2481700
9/16/21,129.639999,130.229996,127.730003,129.5,129.5,2468800
9/17/21,129.020004,129.330002,126.790001,127.040001,127.040001,3831500
9/20/21,123.25,124.199997,119.800003,122.779999,122.779999,6196300
9/21/21,124.150002,124.940002,122.230003,122.599998,122.599998,3456500